Copyright 1986-2022 Xilinx, Inc. All Rights Reserved. Copyright 2022-2024 Advanced Micro Devices, Inc. All Rights Reserved.
-------------------------------------------------------------------------------------------------------------------------------------------------------------------------------------------------------
| Tool Version : Vivado v.2024.1 (win64) Build 5076996 Wed May 22 18:37:14 MDT 2024
| Date         : Sun Sep 13 20:59:07 2026
| Host         : DEVDUTT running 64-bit major release  (build 9200)
| Command      : report_timing_summary -delay_type max -report_unconstrained -max_paths 20 -file D:/fault_tolerant_i2c_s8_d18a806/results/timing/fault_aware/fault_aware_post_route_timing_summary.rpt
| Design       : i2c_master_fault_aware
| Device       : 7a35t-cpg236
| Speed File   : -1  PRODUCTION 1.23 2018-06-13
| Design State : Routed
-------------------------------------------------------------------------------------------------------------------------------------------------------------------------------------------------------

Timing Summary Report

------------------------------------------------------------------------------------------------
| Timer Settings
| --------------
------------------------------------------------------------------------------------------------

  Enable Multi Corner Analysis               :  Yes
  Enable Pessimism Removal                   :  Yes
  Pessimism Removal Resolution               :  Nearest Common Node
  Enable Input Delay Default Clock           :  No
  Enable Preset / Clear Arcs                 :  No
  Disable Flight Delays                      :  No
  Ignore I/O Paths                           :  No
  Timing Early Launch at Borrowing Latches   :  No
  Borrow Time for Max Delay Exceptions       :  Yes
  Merge Timing Exceptions                    :  Yes
  Inter-SLR Compensation                     :  Conservative

  Corner  Analyze    Analyze    
  Name    Max Paths  Min Paths  
  ------  ---------  ---------  
  Slow    Yes        Yes        
  Fast    Yes        Yes        


------------------------------------------------------------------------------------------------
| Report Methodology
| ------------------
------------------------------------------------------------------------------------------------

No report available as report_methodology has not been run prior. Run report_methodology on the current design for the summary of methodology violations.



check_timing report

Table of Contents
-----------------
1. checking no_clock (0)
2. checking constant_clock (0)
3. checking pulse_width_clock (0)
4. checking unconstrained_internal_endpoints (0)
5. checking no_input_delay (20)
6. checking no_output_delay (19)
7. checking multiple_clock (0)
8. checking generated_clocks (0)
9. checking loops (0)
10. checking partial_input_delay (0)
11. checking partial_output_delay (0)
12. checking latch_loops (0)

1. checking no_clock (0)
------------------------
 There are 0 register/latch pins with no clock.


2. checking constant_clock (0)
------------------------------
 There are 0 register/latch pins with constant_clock.


3. checking pulse_width_clock (0)
---------------------------------
 There are 0 register/latch pins which need pulse_width check


4. checking unconstrained_internal_endpoints (0)
------------------------------------------------
 There are 0 pins that are not constrained for maximum delay.

 There are 0 pins that are not constrained for maximum delay due to constant clock.


5. checking no_input_delay (20)
-------------------------------
 There are 20 input ports with no input delay specified. (HIGH)

 There are 0 input ports with no input delay but user has a false path constraint.


6. checking no_output_delay (19)
--------------------------------
 There are 19 ports with no output delay specified. (HIGH)

 There are 0 ports with no output delay but user has a false path constraint

 There are 0 ports with no output delay but with a timing clock defined on it or propagating through it


7. checking multiple_clock (0)
------------------------------
 There are 0 register/latch pins with multiple clocks.


8. checking generated_clocks (0)
--------------------------------
 There are 0 generated clocks that are not connected to a clock source.


9. checking loops (0)
---------------------
 There are 0 combinational loops in the design.


10. checking partial_input_delay (0)
------------------------------------
 There are 0 input ports with partial input delay specified.


11. checking partial_output_delay (0)
-------------------------------------
 There are 0 ports with partial output delay specified.


12. checking latch_loops (0)
----------------------------
 There are 0 combinational latch loops in the design through latch input



------------------------------------------------------------------------------------------------
| Design Timing Summary
| ---------------------
------------------------------------------------------------------------------------------------

    WNS(ns)      TNS(ns)  TNS Failing Endpoints  TNS Total Endpoints     WPWS(ns)     TPWS(ns)  TPWS Failing Endpoints  TPWS Total Endpoints  
    -------      -------  ---------------------  -------------------     --------     --------  ----------------------  --------------------  
      4.703        0.000                      0                  239        4.500        0.000                       0                   145  


All user specified timing constraints are met.


------------------------------------------------------------------------------------------------
| Clock Summary
| -------------
------------------------------------------------------------------------------------------------

Clock    Waveform(ns)       Period(ns)      Frequency(MHz)
-----    ------------       ----------      --------------
sys_clk  {0.000 5.000}      10.000          100.000         


------------------------------------------------------------------------------------------------
| Intra Clock Table
| -----------------
------------------------------------------------------------------------------------------------

Clock             WNS(ns)      TNS(ns)  TNS Failing Endpoints  TNS Total Endpoints     WPWS(ns)     TPWS(ns)  TPWS Failing Endpoints  TPWS Total Endpoints  
-----             -------      -------  ---------------------  -------------------     --------     --------  ----------------------  --------------------  
sys_clk             4.703        0.000                      0                  239        4.500        0.000                       0                   145  


------------------------------------------------------------------------------------------------
| Inter Clock Table
| -----------------
------------------------------------------------------------------------------------------------

From Clock    To Clock          WNS(ns)      TNS(ns)  TNS Failing Endpoints  TNS Total Endpoints  
----------    --------          -------      -------  ---------------------  -------------------  


------------------------------------------------------------------------------------------------
| Other Path Groups Table
| -----------------------
------------------------------------------------------------------------------------------------

Path Group    From Clock    To Clock          WNS(ns)      TNS(ns)  TNS Failing Endpoints  TNS Total Endpoints  
----------    ----------    --------          -------      -------  ---------------------  -------------------  


------------------------------------------------------------------------------------------------
| User Ignored Path Table
| -----------------------
------------------------------------------------------------------------------------------------

Path Group    From Clock    To Clock    
----------    ----------    --------    


------------------------------------------------------------------------------------------------
| Unconstrained Path Table
| ------------------------
------------------------------------------------------------------------------------------------

Path Group    From Clock    To Clock    
----------    ----------    --------    
(none)        sys_clk                     
(none)                      sys_clk       


------------------------------------------------------------------------------------------------
| Timing Details
| --------------
------------------------------------------------------------------------------------------------


---------------------------------------------------------------------------------------------------
From Clock:  sys_clk
  To Clock:  sys_clk

Setup :            0  Failing Endpoints,  Worst Slack        4.703ns,  Total Violation        0.000ns
Hold  :           NA  Failing Endpoints,  Worst Slack           NA  ,  Total Violation           NA
PW    :            0  Failing Endpoints,  Worst Slack        4.500ns,  Total Violation        0.000ns
---------------------------------------------------------------------------------------------------


Max Delay Paths
--------------------------------------------------------------------------------------
Slack (MET) :             4.703ns  (required time - arrival time)
  Source:                 u_core/timing_counter_reg[4]/C
                            (rising edge-triggered cell FDCE clocked by sys_clk  {rise@0.000ns fall@5.000ns period=10.000ns})
  Destination:            u_core/timing_counter_reg[1]/D
                            (rising edge-triggered cell FDCE clocked by sys_clk  {rise@0.000ns fall@5.000ns period=10.000ns})
  Path Group:             sys_clk
  Path Type:              Setup (Max at Slow Process Corner)
  Requirement:            10.000ns  (sys_clk rise@10.000ns - sys_clk rise@0.000ns)
  Data Path Delay:        4.990ns  (logic 1.616ns (32.386%)  route 3.374ns (67.614%))
  Logic Levels:           4  (LUT2=1 LUT3=1 LUT5=2)
  Clock Path Skew:        -0.022ns (DCD - SCD + CPR)
    Destination Clock Delay (DCD):    4.282ns = ( 14.282 - 10.000 ) 
    Source Clock Delay      (SCD):    4.642ns
    Clock Pessimism Removal (CPR):    0.338ns
  Clock Uncertainty:      0.035ns  ((TSJ^2 + TIJ^2)^1/2 + DJ) / 2 + PE
    Total System Jitter     (TSJ):    0.071ns
    Total Input Jitter      (TIJ):    0.000ns
    Discrete Jitter          (DJ):    0.000ns
    Phase Error              (PE):    0.000ns

    Location             Delay type                Incr(ns)  Path(ns)    Netlist Resource(s)
  -------------------------------------------------------------------    -------------------
                         (clock sys_clk rise edge)    0.000     0.000 r  
    M18                                               0.000     0.000 r  clk (IN)
                         net (fo=0)                   0.000     0.000    clk
    M18                  IBUF (Prop_ibuf_I_O)         0.938     0.938 r  clk_IBUF_inst/O
                         net (fo=1, routed)           1.972     2.910    clk_IBUF
    BUFGCTRL_X0Y0        BUFG (Prop_bufg_I_O)         0.096     3.006 r  clk_IBUF_BUFG_inst/O
                         net (fo=144, routed)         1.636     4.642    u_core/clk_IBUF_BUFG
    SLICE_X4Y2           FDCE                                         r  u_core/timing_counter_reg[4]/C
  -------------------------------------------------------------------    -------------------
    SLICE_X4Y2           FDCE (Prop_fdce_C_Q)         0.456     5.098 f  u_core/timing_counter_reg[4]/Q
                         net (fo=13, routed)          1.110     6.208    u_core/sel0[4]
    SLICE_X4Y1           LUT5 (Prop_lut5_I1_O)        0.152     6.360 r  u_core/timing_counter[2]_i_2/O
                         net (fo=4, routed)           0.660     7.020    u_core/timing_counter[2]_i_2_n_0
    SLICE_X4Y2           LUT5 (Prop_lut5_I0_O)        0.357     7.377 r  u_core/timing_counter[4]_i_3/O
                         net (fo=9, routed)           0.536     7.913    u_core/timing_counter[4]_i_3_n_0
    SLICE_X4Y2           LUT2 (Prop_lut2_I1_O)        0.328     8.241 r  u_core/timing_counter[8]_i_2/O
                         net (fo=6, routed)           0.446     8.687    u_core/timing_counter[8]_i_2_n_0
    SLICE_X5Y2           LUT3 (Prop_lut3_I0_O)        0.323     9.010 r  u_core/timing_counter[1]_i_1/O
                         net (fo=1, routed)           0.621     9.632    u_core/p_0_in[1]
    SLICE_X5Y2           FDCE                                         r  u_core/timing_counter_reg[1]/D
  -------------------------------------------------------------------    -------------------

                         (clock sys_clk rise edge)   10.000    10.000 r  
    M18                                               0.000    10.000 r  clk (IN)
                         net (fo=0)                   0.000    10.000    clk
    M18                  IBUF (Prop_ibuf_I_O)         0.805    10.805 r  clk_IBUF_inst/O
                         net (fo=1, routed)           1.868    12.673    clk_IBUF
    BUFGCTRL_X0Y0        BUFG (Prop_bufg_I_O)         0.091    12.764 r  clk_IBUF_BUFG_inst/O
                         net (fo=144, routed)         1.518    14.282    u_core/clk_IBUF_BUFG
    SLICE_X5Y2           FDCE                                         r  u_core/timing_counter_reg[1]/C
                         clock pessimism              0.338    14.620    
                         clock uncertainty           -0.035    14.585    
    SLICE_X5Y2           FDCE (Setup_fdce_C_D)       -0.250    14.335    u_core/timing_counter_reg[1]
  -------------------------------------------------------------------
                         required time                         14.335    
                         arrival time                          -9.632    
  -------------------------------------------------------------------
                         slack                                  4.703    

Slack (MET) :             4.832ns  (required time - arrival time)
  Source:                 u_core/FSM_sequential_state_reg[3]/C
                            (rising edge-triggered cell FDCE clocked by sys_clk  {rise@0.000ns fall@5.000ns period=10.000ns})
  Destination:            u_core/latched_wdata_reg[4]/CE
                            (rising edge-triggered cell FDCE clocked by sys_clk  {rise@0.000ns fall@5.000ns period=10.000ns})
  Path Group:             sys_clk
  Path Type:              Setup (Max at Slow Process Corner)
  Requirement:            10.000ns  (sys_clk rise@10.000ns - sys_clk rise@0.000ns)
  Data Path Delay:        4.695ns  (logic 0.857ns (18.254%)  route 3.838ns (81.746%))
  Logic Levels:           3  (LUT4=1 LUT5=1 LUT6=1)
  Clock Path Skew:        -0.026ns (DCD - SCD + CPR)
    Destination Clock Delay (DCD):    4.282ns = ( 14.282 - 10.000 ) 
    Source Clock Delay      (SCD):    4.644ns
    Clock Pessimism Removal (CPR):    0.336ns
  Clock Uncertainty:      0.035ns  ((TSJ^2 + TIJ^2)^1/2 + DJ) / 2 + PE
    Total System Jitter     (TSJ):    0.071ns
    Total Input Jitter      (TIJ):    0.000ns
    Discrete Jitter          (DJ):    0.000ns
    Phase Error              (PE):    0.000ns

    Location             Delay type                Incr(ns)  Path(ns)    Netlist Resource(s)
  -------------------------------------------------------------------    -------------------
                         (clock sys_clk rise edge)    0.000     0.000 r  
    M18                                               0.000     0.000 r  clk (IN)
                         net (fo=0)                   0.000     0.000    clk
    M18                  IBUF (Prop_ibuf_I_O)         0.938     0.938 r  clk_IBUF_inst/O
                         net (fo=1, routed)           1.972     2.910    clk_IBUF
    BUFGCTRL_X0Y0        BUFG (Prop_bufg_I_O)         0.096     3.006 r  clk_IBUF_BUFG_inst/O
                         net (fo=144, routed)         1.638     4.644    u_core/clk_IBUF_BUFG
    SLICE_X3Y5           FDCE                                         r  u_core/FSM_sequential_state_reg[3]/C
  -------------------------------------------------------------------    -------------------
    SLICE_X3Y5           FDCE (Prop_fdce_C_Q)         0.456     5.100 f  u_core/FSM_sequential_state_reg[3]/Q
                         net (fo=43, routed)          1.687     6.787    u_core/Q[0]
    SLICE_X3Y5           LUT5 (Prop_lut5_I1_O)        0.124     6.911 f  u_core/latched_wdata[7]_i_3/O
                         net (fo=1, routed)           0.526     7.437    u_core/latched_wdata[7]_i_3_n_0
    SLICE_X2Y5           LUT6 (Prop_lut6_I1_O)        0.124     7.561 r  u_core/latched_wdata[7]_i_2/O
                         net (fo=2, routed)           0.672     8.232    u_core/bus_free_counter_reg[6]_0
    SLICE_X2Y4           LUT4 (Prop_lut4_I0_O)        0.153     8.385 r  u_core/latched_wdata[7]_i_1/O
                         net (fo=9, routed)           0.954     9.339    u_core/latched_wdata[7]_i_1_n_0
    SLICE_X0Y8           FDCE                                         r  u_core/latched_wdata_reg[4]/CE
  -------------------------------------------------------------------    -------------------

                         (clock sys_clk rise edge)   10.000    10.000 r  
    M18                                               0.000    10.000 r  clk (IN)
                         net (fo=0)                   0.000    10.000    clk
    M18                  IBUF (Prop_ibuf_I_O)         0.805    10.805 r  clk_IBUF_inst/O
                         net (fo=1, routed)           1.868    12.673    clk_IBUF
    BUFGCTRL_X0Y0        BUFG (Prop_bufg_I_O)         0.091    12.764 r  clk_IBUF_BUFG_inst/O
                         net (fo=144, routed)         1.518    14.282    u_core/clk_IBUF_BUFG
    SLICE_X0Y8           FDCE                                         r  u_core/latched_wdata_reg[4]/C
                         clock pessimism              0.336    14.618    
                         clock uncertainty           -0.035    14.583    
    SLICE_X0Y8           FDCE (Setup_fdce_C_CE)      -0.412    14.171    u_core/latched_wdata_reg[4]
  -------------------------------------------------------------------
                         required time                         14.171    
                         arrival time                          -9.339    
  -------------------------------------------------------------------
                         slack                                  4.832    

Slack (MET) :             4.832ns  (required time - arrival time)
  Source:                 u_core/FSM_sequential_state_reg[3]/C
                            (rising edge-triggered cell FDCE clocked by sys_clk  {rise@0.000ns fall@5.000ns period=10.000ns})
  Destination:            u_core/latched_wdata_reg[5]/CE
                            (rising edge-triggered cell FDCE clocked by sys_clk  {rise@0.000ns fall@5.000ns period=10.000ns})
  Path Group:             sys_clk
  Path Type:              Setup (Max at Slow Process Corner)
  Requirement:            10.000ns  (sys_clk rise@10.000ns - sys_clk rise@0.000ns)
  Data Path Delay:        4.695ns  (logic 0.857ns (18.254%)  route 3.838ns (81.746%))
  Logic Levels:           3  (LUT4=1 LUT5=1 LUT6=1)
  Clock Path Skew:        -0.026ns (DCD - SCD + CPR)
    Destination Clock Delay (DCD):    4.282ns = ( 14.282 - 10.000 ) 
    Source Clock Delay      (SCD):    4.644ns
    Clock Pessimism Removal (CPR):    0.336ns
  Clock Uncertainty:      0.035ns  ((TSJ^2 + TIJ^2)^1/2 + DJ) / 2 + PE
    Total System Jitter     (TSJ):    0.071ns
    Total Input Jitter      (TIJ):    0.000ns
    Discrete Jitter          (DJ):    0.000ns
    Phase Error              (PE):    0.000ns

    Location             Delay type                Incr(ns)  Path(ns)    Netlist Resource(s)
  -------------------------------------------------------------------    -------------------
                         (clock sys_clk rise edge)    0.000     0.000 r  
    M18                                               0.000     0.000 r  clk (IN)
                         net (fo=0)                   0.000     0.000    clk
    M18                  IBUF (Prop_ibuf_I_O)         0.938     0.938 r  clk_IBUF_inst/O
                         net (fo=1, routed)           1.972     2.910    clk_IBUF
    BUFGCTRL_X0Y0        BUFG (Prop_bufg_I_O)         0.096     3.006 r  clk_IBUF_BUFG_inst/O
                         net (fo=144, routed)         1.638     4.644    u_core/clk_IBUF_BUFG
    SLICE_X3Y5           FDCE                                         r  u_core/FSM_sequential_state_reg[3]/C
  -------------------------------------------------------------------    -------------------
    SLICE_X3Y5           FDCE (Prop_fdce_C_Q)         0.456     5.100 f  u_core/FSM_sequential_state_reg[3]/Q
                         net (fo=43, routed)          1.687     6.787    u_core/Q[0]
    SLICE_X3Y5           LUT5 (Prop_lut5_I1_O)        0.124     6.911 f  u_core/latched_wdata[7]_i_3/O
                         net (fo=1, routed)           0.526     7.437    u_core/latched_wdata[7]_i_3_n_0
    SLICE_X2Y5           LUT6 (Prop_lut6_I1_O)        0.124     7.561 r  u_core/latched_wdata[7]_i_2/O
                         net (fo=2, routed)           0.672     8.232    u_core/bus_free_counter_reg[6]_0
    SLICE_X2Y4           LUT4 (Prop_lut4_I0_O)        0.153     8.385 r  u_core/latched_wdata[7]_i_1/O
                         net (fo=9, routed)           0.954     9.339    u_core/latched_wdata[7]_i_1_n_0
    SLICE_X0Y8           FDCE                                         r  u_core/latched_wdata_reg[5]/CE
  -------------------------------------------------------------------    -------------------

                         (clock sys_clk rise edge)   10.000    10.000 r  
    M18                                               0.000    10.000 r  clk (IN)
                         net (fo=0)                   0.000    10.000    clk
    M18                  IBUF (Prop_ibuf_I_O)         0.805    10.805 r  clk_IBUF_inst/O
                         net (fo=1, routed)           1.868    12.673    clk_IBUF
    BUFGCTRL_X0Y0        BUFG (Prop_bufg_I_O)         0.091    12.764 r  clk_IBUF_BUFG_inst/O
                         net (fo=144, routed)         1.518    14.282    u_core/clk_IBUF_BUFG
    SLICE_X0Y8           FDCE                                         r  u_core/latched_wdata_reg[5]/C
                         clock pessimism              0.336    14.618    
                         clock uncertainty           -0.035    14.583    
    SLICE_X0Y8           FDCE (Setup_fdce_C_CE)      -0.412    14.171    u_core/latched_wdata_reg[5]
  -------------------------------------------------------------------
                         required time                         14.171    
                         arrival time                          -9.339    
  -------------------------------------------------------------------
                         slack                                  4.832    

Slack (MET) :             4.832ns  (required time - arrival time)
  Source:                 u_core/FSM_sequential_state_reg[3]/C
                            (rising edge-triggered cell FDCE clocked by sys_clk  {rise@0.000ns fall@5.000ns period=10.000ns})
  Destination:            u_core/latched_wdata_reg[6]/CE
                            (rising edge-triggered cell FDCE clocked by sys_clk  {rise@0.000ns fall@5.000ns period=10.000ns})
  Path Group:             sys_clk
  Path Type:              Setup (Max at Slow Process Corner)
  Requirement:            10.000ns  (sys_clk rise@10.000ns - sys_clk rise@0.000ns)
  Data Path Delay:        4.695ns  (logic 0.857ns (18.254%)  route 3.838ns (81.746%))
  Logic Levels:           3  (LUT4=1 LUT5=1 LUT6=1)
  Clock Path Skew:        -0.026ns (DCD - SCD + CPR)
    Destination Clock Delay (DCD):    4.282ns = ( 14.282 - 10.000 ) 
    Source Clock Delay      (SCD):    4.644ns
    Clock Pessimism Removal (CPR):    0.336ns
  Clock Uncertainty:      0.035ns  ((TSJ^2 + TIJ^2)^1/2 + DJ) / 2 + PE
    Total System Jitter     (TSJ):    0.071ns
    Total Input Jitter      (TIJ):    0.000ns
    Discrete Jitter          (DJ):    0.000ns
    Phase Error              (PE):    0.000ns

    Location             Delay type                Incr(ns)  Path(ns)    Netlist Resource(s)
  -------------------------------------------------------------------    -------------------
                         (clock sys_clk rise edge)    0.000     0.000 r  
    M18                                               0.000     0.000 r  clk (IN)
                         net (fo=0)                   0.000     0.000    clk
    M18                  IBUF (Prop_ibuf_I_O)         0.938     0.938 r  clk_IBUF_inst/O
                         net (fo=1, routed)           1.972     2.910    clk_IBUF
    BUFGCTRL_X0Y0        BUFG (Prop_bufg_I_O)         0.096     3.006 r  clk_IBUF_BUFG_inst/O
                         net (fo=144, routed)         1.638     4.644    u_core/clk_IBUF_BUFG
    SLICE_X3Y5           FDCE                                         r  u_core/FSM_sequential_state_reg[3]/C
  -------------------------------------------------------------------    -------------------
    SLICE_X3Y5           FDCE (Prop_fdce_C_Q)         0.456     5.100 f  u_core/FSM_sequential_state_reg[3]/Q
                         net (fo=43, routed)          1.687     6.787    u_core/Q[0]
    SLICE_X3Y5           LUT5 (Prop_lut5_I1_O)        0.124     6.911 f  u_core/latched_wdata[7]_i_3/O
                         net (fo=1, routed)           0.526     7.437    u_core/latched_wdata[7]_i_3_n_0
    SLICE_X2Y5           LUT6 (Prop_lut6_I1_O)        0.124     7.561 r  u_core/latched_wdata[7]_i_2/O
                         net (fo=2, routed)           0.672     8.232    u_core/bus_free_counter_reg[6]_0
    SLICE_X2Y4           LUT4 (Prop_lut4_I0_O)        0.153     8.385 r  u_core/latched_wdata[7]_i_1/O
                         net (fo=9, routed)           0.954     9.339    u_core/latched_wdata[7]_i_1_n_0
    SLICE_X0Y8           FDCE                                         r  u_core/latched_wdata_reg[6]/CE
  -------------------------------------------------------------------    -------------------

                         (clock sys_clk rise edge)   10.000    10.000 r  
    M18                                               0.000    10.000 r  clk (IN)
                         net (fo=0)                   0.000    10.000    clk
    M18                  IBUF (Prop_ibuf_I_O)         0.805    10.805 r  clk_IBUF_inst/O
                         net (fo=1, routed)           1.868    12.673    clk_IBUF
    BUFGCTRL_X0Y0        BUFG (Prop_bufg_I_O)         0.091    12.764 r  clk_IBUF_BUFG_inst/O
                         net (fo=144, routed)         1.518    14.282    u_core/clk_IBUF_BUFG
    SLICE_X0Y8           FDCE                                         r  u_core/latched_wdata_reg[6]/C
                         clock pessimism              0.336    14.618    
                         clock uncertainty           -0.035    14.583    
    SLICE_X0Y8           FDCE (Setup_fdce_C_CE)      -0.412    14.171    u_core/latched_wdata_reg[6]
  -------------------------------------------------------------------
                         required time                         14.171    
                         arrival time                          -9.339    
  -------------------------------------------------------------------
                         slack                                  4.832    

Slack (MET) :             4.832ns  (required time - arrival time)
  Source:                 u_core/FSM_sequential_state_reg[3]/C
                            (rising edge-triggered cell FDCE clocked by sys_clk  {rise@0.000ns fall@5.000ns period=10.000ns})
  Destination:            u_core/latched_wdata_reg[7]/CE
                            (rising edge-triggered cell FDCE clocked by sys_clk  {rise@0.000ns fall@5.000ns period=10.000ns})
  Path Group:             sys_clk
  Path Type:              Setup (Max at Slow Process Corner)
  Requirement:            10.000ns  (sys_clk rise@10.000ns - sys_clk rise@0.000ns)
  Data Path Delay:        4.695ns  (logic 0.857ns (18.254%)  route 3.838ns (81.746%))
  Logic Levels:           3  (LUT4=1 LUT5=1 LUT6=1)
  Clock Path Skew:        -0.026ns (DCD - SCD + CPR)
    Destination Clock Delay (DCD):    4.282ns = ( 14.282 - 10.000 ) 
    Source Clock Delay      (SCD):    4.644ns
    Clock Pessimism Removal (CPR):    0.336ns
  Clock Uncertainty:      0.035ns  ((TSJ^2 + TIJ^2)^1/2 + DJ) / 2 + PE
    Total System Jitter     (TSJ):    0.071ns
    Total Input Jitter      (TIJ):    0.000ns
    Discrete Jitter          (DJ):    0.000ns
    Phase Error              (PE):    0.000ns

    Location             Delay type                Incr(ns)  Path(ns)    Netlist Resource(s)
  -------------------------------------------------------------------    -------------------
                         (clock sys_clk rise edge)    0.000     0.000 r  
    M18                                               0.000     0.000 r  clk (IN)
                         net (fo=0)                   0.000     0.000    clk
    M18                  IBUF (Prop_ibuf_I_O)         0.938     0.938 r  clk_IBUF_inst/O
                         net (fo=1, routed)           1.972     2.910    clk_IBUF
    BUFGCTRL_X0Y0        BUFG (Prop_bufg_I_O)         0.096     3.006 r  clk_IBUF_BUFG_inst/O
                         net (fo=144, routed)         1.638     4.644    u_core/clk_IBUF_BUFG
    SLICE_X3Y5           FDCE                                         r  u_core/FSM_sequential_state_reg[3]/C
  -------------------------------------------------------------------    -------------------
    SLICE_X3Y5           FDCE (Prop_fdce_C_Q)         0.456     5.100 f  u_core/FSM_sequential_state_reg[3]/Q
                         net (fo=43, routed)          1.687     6.787    u_core/Q[0]
    SLICE_X3Y5           LUT5 (Prop_lut5_I1_O)        0.124     6.911 f  u_core/latched_wdata[7]_i_3/O
                         net (fo=1, routed)           0.526     7.437    u_core/latched_wdata[7]_i_3_n_0
    SLICE_X2Y5           LUT6 (Prop_lut6_I1_O)        0.124     7.561 r  u_core/latched_wdata[7]_i_2/O
                         net (fo=2, routed)           0.672     8.232    u_core/bus_free_counter_reg[6]_0
    SLICE_X2Y4           LUT4 (Prop_lut4_I0_O)        0.153     8.385 r  u_core/latched_wdata[7]_i_1/O
                         net (fo=9, routed)           0.954     9.339    u_core/latched_wdata[7]_i_1_n_0
    SLICE_X0Y8           FDCE                                         r  u_core/latched_wdata_reg[7]/CE
  -------------------------------------------------------------------    -------------------

                         (clock sys_clk rise edge)   10.000    10.000 r  
    M18                                               0.000    10.000 r  clk (IN)
                         net (fo=0)                   0.000    10.000    clk
    M18                  IBUF (Prop_ibuf_I_O)         0.805    10.805 r  clk_IBUF_inst/O
                         net (fo=1, routed)           1.868    12.673    clk_IBUF
    BUFGCTRL_X0Y0        BUFG (Prop_bufg_I_O)         0.091    12.764 r  clk_IBUF_BUFG_inst/O
                         net (fo=144, routed)         1.518    14.282    u_core/clk_IBUF_BUFG
    SLICE_X0Y8           FDCE                                         r  u_core/latched_wdata_reg[7]/C
                         clock pessimism              0.336    14.618    
                         clock uncertainty           -0.035    14.583    
    SLICE_X0Y8           FDCE (Setup_fdce_C_CE)      -0.412    14.171    u_core/latched_wdata_reg[7]
  -------------------------------------------------------------------
                         required time                         14.171    
                         arrival time                          -9.339    
  -------------------------------------------------------------------
                         slack                                  4.832    

Slack (MET) :             4.969ns  (required time - arrival time)
  Source:                 u_core/timing_counter_reg[4]/C
                            (rising edge-triggered cell FDCE clocked by sys_clk  {rise@0.000ns fall@5.000ns period=10.000ns})
  Destination:            u_core/read_data_reg[2]/CE
                            (rising edge-triggered cell FDCE clocked by sys_clk  {rise@0.000ns fall@5.000ns period=10.000ns})
  Path Group:             sys_clk
  Path Type:              Setup (Max at Slow Process Corner)
  Requirement:            10.000ns  (sys_clk rise@10.000ns - sys_clk rise@0.000ns)
  Data Path Delay:        4.551ns  (logic 1.214ns (26.676%)  route 3.337ns (73.324%))
  Logic Levels:           4  (LUT5=2 LUT6=2)
  Clock Path Skew:        -0.036ns (DCD - SCD + CPR)
    Destination Clock Delay (DCD):    4.284ns = ( 14.284 - 10.000 ) 
    Source Clock Delay      (SCD):    4.642ns
    Clock Pessimism Removal (CPR):    0.322ns
  Clock Uncertainty:      0.035ns  ((TSJ^2 + TIJ^2)^1/2 + DJ) / 2 + PE
    Total System Jitter     (TSJ):    0.071ns
    Total Input Jitter      (TIJ):    0.000ns
    Discrete Jitter          (DJ):    0.000ns
    Phase Error              (PE):    0.000ns

    Location             Delay type                Incr(ns)  Path(ns)    Netlist Resource(s)
  -------------------------------------------------------------------    -------------------
                         (clock sys_clk rise edge)    0.000     0.000 r  
    M18                                               0.000     0.000 r  clk (IN)
                         net (fo=0)                   0.000     0.000    clk
    M18                  IBUF (Prop_ibuf_I_O)         0.938     0.938 r  clk_IBUF_inst/O
                         net (fo=1, routed)           1.972     2.910    clk_IBUF
    BUFGCTRL_X0Y0        BUFG (Prop_bufg_I_O)         0.096     3.006 r  clk_IBUF_BUFG_inst/O
                         net (fo=144, routed)         1.636     4.642    u_core/clk_IBUF_BUFG
    SLICE_X4Y2           FDCE                                         r  u_core/timing_counter_reg[4]/C
  -------------------------------------------------------------------    -------------------
    SLICE_X4Y2           FDCE (Prop_fdce_C_Q)         0.456     5.098 r  u_core/timing_counter_reg[4]/Q
                         net (fo=13, routed)          1.110     6.208    u_core/sel0[4]
    SLICE_X4Y1           LUT5 (Prop_lut5_I1_O)        0.152     6.360 f  u_core/timing_counter[2]_i_2/O
                         net (fo=4, routed)           0.641     7.001    u_core/timing_counter[2]_i_2_n_0
    SLICE_X3Y2           LUT6 (Prop_lut6_I1_O)        0.332     7.333 f  u_core/tx_shift[7]_i_3/O
                         net (fo=6, routed)           0.409     7.742    u_core/tx_shift[7]_i_3_n_0
    SLICE_X2Y2           LUT6 (Prop_lut6_I5_O)        0.124     7.866 r  u_core/read_data[7]_i_2/O
                         net (fo=1, routed)           0.680     8.546    u_core/read_data[7]_i_2_n_0
    SLICE_X2Y2           LUT5 (Prop_lut5_I0_O)        0.150     8.696 r  u_core/read_data[7]_i_1/O
                         net (fo=8, routed)           0.497     9.193    u_core/read_data[7]_i_1_n_0
    SLICE_X1Y1           FDCE                                         r  u_core/read_data_reg[2]/CE
  -------------------------------------------------------------------    -------------------

                         (clock sys_clk rise edge)   10.000    10.000 r  
    M18                                               0.000    10.000 r  clk (IN)
                         net (fo=0)                   0.000    10.000    clk
    M18                  IBUF (Prop_ibuf_I_O)         0.805    10.805 r  clk_IBUF_inst/O
                         net (fo=1, routed)           1.868    12.673    clk_IBUF
    BUFGCTRL_X0Y0        BUFG (Prop_bufg_I_O)         0.091    12.764 r  clk_IBUF_BUFG_inst/O
                         net (fo=144, routed)         1.520    14.284    u_core/clk_IBUF_BUFG
    SLICE_X1Y1           FDCE                                         r  u_core/read_data_reg[2]/C
                         clock pessimism              0.322    14.606    
                         clock uncertainty           -0.035    14.571    
    SLICE_X1Y1           FDCE (Setup_fdce_C_CE)      -0.409    14.162    u_core/read_data_reg[2]
  -------------------------------------------------------------------
                         required time                         14.162    
                         arrival time                          -9.193    
  -------------------------------------------------------------------
                         slack                                  4.969    

Slack (MET) :             5.001ns  (required time - arrival time)
  Source:                 u_core/timing_counter_reg[4]/C
                            (rising edge-triggered cell FDCE clocked by sys_clk  {rise@0.000ns fall@5.000ns period=10.000ns})
  Destination:            u_core/read_data_reg[6]/CE
                            (rising edge-triggered cell FDCE clocked by sys_clk  {rise@0.000ns fall@5.000ns period=10.000ns})
  Path Group:             sys_clk
  Path Type:              Setup (Max at Slow Process Corner)
  Requirement:            10.000ns  (sys_clk rise@10.000ns - sys_clk rise@0.000ns)
  Data Path Delay:        4.564ns  (logic 1.214ns (26.598%)  route 3.350ns (73.402%))
  Logic Levels:           4  (LUT5=2 LUT6=2)
  Clock Path Skew:        -0.026ns (DCD - SCD + CPR)
    Destination Clock Delay (DCD):    4.281ns = ( 14.281 - 10.000 ) 
    Source Clock Delay      (SCD):    4.642ns
    Clock Pessimism Removal (CPR):    0.335ns
  Clock Uncertainty:      0.035ns  ((TSJ^2 + TIJ^2)^1/2 + DJ) / 2 + PE
    Total System Jitter     (TSJ):    0.071ns
    Total Input Jitter      (TIJ):    0.000ns
    Discrete Jitter          (DJ):    0.000ns
    Phase Error              (PE):    0.000ns

    Location             Delay type                Incr(ns)  Path(ns)    Netlist Resource(s)
  -------------------------------------------------------------------    -------------------
                         (clock sys_clk rise edge)    0.000     0.000 r  
    M18                                               0.000     0.000 r  clk (IN)
                         net (fo=0)                   0.000     0.000    clk
    M18                  IBUF (Prop_ibuf_I_O)         0.938     0.938 r  clk_IBUF_inst/O
                         net (fo=1, routed)           1.972     2.910    clk_IBUF
    BUFGCTRL_X0Y0        BUFG (Prop_bufg_I_O)         0.096     3.006 r  clk_IBUF_BUFG_inst/O
                         net (fo=144, routed)         1.636     4.642    u_core/clk_IBUF_BUFG
    SLICE_X4Y2           FDCE                                         r  u_core/timing_counter_reg[4]/C
  -------------------------------------------------------------------    -------------------
    SLICE_X4Y2           FDCE (Prop_fdce_C_Q)         0.456     5.098 r  u_core/timing_counter_reg[4]/Q
                         net (fo=13, routed)          1.110     6.208    u_core/sel0[4]
    SLICE_X4Y1           LUT5 (Prop_lut5_I1_O)        0.152     6.360 f  u_core/timing_counter[2]_i_2/O
                         net (fo=4, routed)           0.641     7.001    u_core/timing_counter[2]_i_2_n_0
    SLICE_X3Y2           LUT6 (Prop_lut6_I1_O)        0.332     7.333 f  u_core/tx_shift[7]_i_3/O
                         net (fo=6, routed)           0.409     7.742    u_core/tx_shift[7]_i_3_n_0
    SLICE_X2Y2           LUT6 (Prop_lut6_I5_O)        0.124     7.866 r  u_core/read_data[7]_i_2/O
                         net (fo=1, routed)           0.680     8.546    u_core/read_data[7]_i_2_n_0
    SLICE_X2Y2           LUT5 (Prop_lut5_I0_O)        0.150     8.696 r  u_core/read_data[7]_i_1/O
                         net (fo=8, routed)           0.510     9.206    u_core/read_data[7]_i_1_n_0
    SLICE_X6Y4           FDCE                                         r  u_core/read_data_reg[6]/CE
  -------------------------------------------------------------------    -------------------

                         (clock sys_clk rise edge)   10.000    10.000 r  
    M18                                               0.000    10.000 r  clk (IN)
                         net (fo=0)                   0.000    10.000    clk
    M18                  IBUF (Prop_ibuf_I_O)         0.805    10.805 r  clk_IBUF_inst/O
                         net (fo=1, routed)           1.868    12.673    clk_IBUF
    BUFGCTRL_X0Y0        BUFG (Prop_bufg_I_O)         0.091    12.764 r  clk_IBUF_BUFG_inst/O
                         net (fo=144, routed)         1.517    14.281    u_core/clk_IBUF_BUFG
    SLICE_X6Y4           FDCE                                         r  u_core/read_data_reg[6]/C
                         clock pessimism              0.335    14.616    
                         clock uncertainty           -0.035    14.581    
    SLICE_X6Y4           FDCE (Setup_fdce_C_CE)      -0.373    14.208    u_core/read_data_reg[6]
  -------------------------------------------------------------------
                         required time                         14.208    
                         arrival time                          -9.206    
  -------------------------------------------------------------------
                         slack                                  5.001    

Slack (MET) :             5.001ns  (required time - arrival time)
  Source:                 u_core/timing_counter_reg[4]/C
                            (rising edge-triggered cell FDCE clocked by sys_clk  {rise@0.000ns fall@5.000ns period=10.000ns})
  Destination:            u_core/read_data_reg[7]/CE
                            (rising edge-triggered cell FDCE clocked by sys_clk  {rise@0.000ns fall@5.000ns period=10.000ns})
  Path Group:             sys_clk
  Path Type:              Setup (Max at Slow Process Corner)
  Requirement:            10.000ns  (sys_clk rise@10.000ns - sys_clk rise@0.000ns)
  Data Path Delay:        4.564ns  (logic 1.214ns (26.598%)  route 3.350ns (73.402%))
  Logic Levels:           4  (LUT5=2 LUT6=2)
  Clock Path Skew:        -0.026ns (DCD - SCD + CPR)
    Destination Clock Delay (DCD):    4.281ns = ( 14.281 - 10.000 ) 
    Source Clock Delay      (SCD):    4.642ns
    Clock Pessimism Removal (CPR):    0.335ns
  Clock Uncertainty:      0.035ns  ((TSJ^2 + TIJ^2)^1/2 + DJ) / 2 + PE
    Total System Jitter     (TSJ):    0.071ns
    Total Input Jitter      (TIJ):    0.000ns
    Discrete Jitter          (DJ):    0.000ns
    Phase Error              (PE):    0.000ns

    Location             Delay type                Incr(ns)  Path(ns)    Netlist Resource(s)
  -------------------------------------------------------------------    -------------------
                         (clock sys_clk rise edge)    0.000     0.000 r  
    M18                                               0.000     0.000 r  clk (IN)
                         net (fo=0)                   0.000     0.000    clk
    M18                  IBUF (Prop_ibuf_I_O)         0.938     0.938 r  clk_IBUF_inst/O
                         net (fo=1, routed)           1.972     2.910    clk_IBUF
    BUFGCTRL_X0Y0        BUFG (Prop_bufg_I_O)         0.096     3.006 r  clk_IBUF_BUFG_inst/O
                         net (fo=144, routed)         1.636     4.642    u_core/clk_IBUF_BUFG
    SLICE_X4Y2           FDCE                                         r  u_core/timing_counter_reg[4]/C
  -------------------------------------------------------------------    -------------------
    SLICE_X4Y2           FDCE (Prop_fdce_C_Q)         0.456     5.098 r  u_core/timing_counter_reg[4]/Q
                         net (fo=13, routed)          1.110     6.208    u_core/sel0[4]
    SLICE_X4Y1           LUT5 (Prop_lut5_I1_O)        0.152     6.360 f  u_core/timing_counter[2]_i_2/O
                         net (fo=4, routed)           0.641     7.001    u_core/timing_counter[2]_i_2_n_0
    SLICE_X3Y2           LUT6 (Prop_lut6_I1_O)        0.332     7.333 f  u_core/tx_shift[7]_i_3/O
                         net (fo=6, routed)           0.409     7.742    u_core/tx_shift[7]_i_3_n_0
    SLICE_X2Y2           LUT6 (Prop_lut6_I5_O)        0.124     7.866 r  u_core/read_data[7]_i_2/O
                         net (fo=1, routed)           0.680     8.546    u_core/read_data[7]_i_2_n_0
    SLICE_X2Y2           LUT5 (Prop_lut5_I0_O)        0.150     8.696 r  u_core/read_data[7]_i_1/O
                         net (fo=8, routed)           0.510     9.206    u_core/read_data[7]_i_1_n_0
    SLICE_X6Y4           FDCE                                         r  u_core/read_data_reg[7]/CE
  -------------------------------------------------------------------    -------------------

                         (clock sys_clk rise edge)   10.000    10.000 r  
    M18                                               0.000    10.000 r  clk (IN)
                         net (fo=0)                   0.000    10.000    clk
    M18                  IBUF (Prop_ibuf_I_O)         0.805    10.805 r  clk_IBUF_inst/O
                         net (fo=1, routed)           1.868    12.673    clk_IBUF
    BUFGCTRL_X0Y0        BUFG (Prop_bufg_I_O)         0.091    12.764 r  clk_IBUF_BUFG_inst/O
                         net (fo=144, routed)         1.517    14.281    u_core/clk_IBUF_BUFG
    SLICE_X6Y4           FDCE                                         r  u_core/read_data_reg[7]/C
                         clock pessimism              0.335    14.616    
                         clock uncertainty           -0.035    14.581    
    SLICE_X6Y4           FDCE (Setup_fdce_C_CE)      -0.373    14.208    u_core/read_data_reg[7]
  -------------------------------------------------------------------
                         required time                         14.208    
                         arrival time                          -9.206    
  -------------------------------------------------------------------
                         slack                                  5.001    

Slack (MET) :             5.014ns  (required time - arrival time)
  Source:                 u_core/FSM_sequential_state_reg[3]/C
                            (rising edge-triggered cell FDCE clocked by sys_clk  {rise@0.000ns fall@5.000ns period=10.000ns})
  Destination:            u_core/latched_wdata_reg[0]/CE
                            (rising edge-triggered cell FDCE clocked by sys_clk  {rise@0.000ns fall@5.000ns period=10.000ns})
  Path Group:             sys_clk
  Path Type:              Setup (Max at Slow Process Corner)
  Requirement:            10.000ns  (sys_clk rise@10.000ns - sys_clk rise@0.000ns)
  Data Path Delay:        4.512ns  (logic 0.857ns (18.993%)  route 3.655ns (81.007%))
  Logic Levels:           3  (LUT4=1 LUT5=1 LUT6=1)
  Clock Path Skew:        -0.026ns (DCD - SCD + CPR)
    Destination Clock Delay (DCD):    4.282ns = ( 14.282 - 10.000 ) 
    Source Clock Delay      (SCD):    4.644ns
    Clock Pessimism Removal (CPR):    0.336ns
  Clock Uncertainty:      0.035ns  ((TSJ^2 + TIJ^2)^1/2 + DJ) / 2 + PE
    Total System Jitter     (TSJ):    0.071ns
    Total Input Jitter      (TIJ):    0.000ns
    Discrete Jitter          (DJ):    0.000ns
    Phase Error              (PE):    0.000ns

    Location             Delay type                Incr(ns)  Path(ns)    Netlist Resource(s)
  -------------------------------------------------------------------    -------------------
                         (clock sys_clk rise edge)    0.000     0.000 r  
    M18                                               0.000     0.000 r  clk (IN)
                         net (fo=0)                   0.000     0.000    clk
    M18                  IBUF (Prop_ibuf_I_O)         0.938     0.938 r  clk_IBUF_inst/O
                         net (fo=1, routed)           1.972     2.910    clk_IBUF
    BUFGCTRL_X0Y0        BUFG (Prop_bufg_I_O)         0.096     3.006 r  clk_IBUF_BUFG_inst/O
                         net (fo=144, routed)         1.638     4.644    u_core/clk_IBUF_BUFG
    SLICE_X3Y5           FDCE                                         r  u_core/FSM_sequential_state_reg[3]/C
  -------------------------------------------------------------------    -------------------
    SLICE_X3Y5           FDCE (Prop_fdce_C_Q)         0.456     5.100 f  u_core/FSM_sequential_state_reg[3]/Q
                         net (fo=43, routed)          1.687     6.787    u_core/Q[0]
    SLICE_X3Y5           LUT5 (Prop_lut5_I1_O)        0.124     6.911 f  u_core/latched_wdata[7]_i_3/O
                         net (fo=1, routed)           0.526     7.437    u_core/latched_wdata[7]_i_3_n_0
    SLICE_X2Y5           LUT6 (Prop_lut6_I1_O)        0.124     7.561 r  u_core/latched_wdata[7]_i_2/O
                         net (fo=2, routed)           0.672     8.232    u_core/bus_free_counter_reg[6]_0
    SLICE_X2Y4           LUT4 (Prop_lut4_I0_O)        0.153     8.385 r  u_core/latched_wdata[7]_i_1/O
                         net (fo=9, routed)           0.771     9.156    u_core/latched_wdata[7]_i_1_n_0
    SLICE_X1Y8           FDCE                                         r  u_core/latched_wdata_reg[0]/CE
  -------------------------------------------------------------------    -------------------

                         (clock sys_clk rise edge)   10.000    10.000 r  
    M18                                               0.000    10.000 r  clk (IN)
                         net (fo=0)                   0.000    10.000    clk
    M18                  IBUF (Prop_ibuf_I_O)         0.805    10.805 r  clk_IBUF_inst/O
                         net (fo=1, routed)           1.868    12.673    clk_IBUF
    BUFGCTRL_X0Y0        BUFG (Prop_bufg_I_O)         0.091    12.764 r  clk_IBUF_BUFG_inst/O
                         net (fo=144, routed)         1.518    14.282    u_core/clk_IBUF_BUFG
    SLICE_X1Y8           FDCE                                         r  u_core/latched_wdata_reg[0]/C
                         clock pessimism              0.336    14.618    
                         clock uncertainty           -0.035    14.583    
    SLICE_X1Y8           FDCE (Setup_fdce_C_CE)      -0.412    14.171    u_core/latched_wdata_reg[0]
  -------------------------------------------------------------------
                         required time                         14.171    
                         arrival time                          -9.156    
  -------------------------------------------------------------------
                         slack                                  5.014    

Slack (MET) :             5.014ns  (required time - arrival time)
  Source:                 u_core/FSM_sequential_state_reg[3]/C
                            (rising edge-triggered cell FDCE clocked by sys_clk  {rise@0.000ns fall@5.000ns period=10.000ns})
  Destination:            u_core/latched_wdata_reg[1]/CE
                            (rising edge-triggered cell FDCE clocked by sys_clk  {rise@0.000ns fall@5.000ns period=10.000ns})
  Path Group:             sys_clk
  Path Type:              Setup (Max at Slow Process Corner)
  Requirement:            10.000ns  (sys_clk rise@10.000ns - sys_clk rise@0.000ns)
  Data Path Delay:        4.512ns  (logic 0.857ns (18.993%)  route 3.655ns (81.007%))
  Logic Levels:           3  (LUT4=1 LUT5=1 LUT6=1)
  Clock Path Skew:        -0.026ns (DCD - SCD + CPR)
    Destination Clock Delay (DCD):    4.282ns = ( 14.282 - 10.000 ) 
    Source Clock Delay      (SCD):    4.644ns
    Clock Pessimism Removal (CPR):    0.336ns
  Clock Uncertainty:      0.035ns  ((TSJ^2 + TIJ^2)^1/2 + DJ) / 2 + PE
    Total System Jitter     (TSJ):    0.071ns
    Total Input Jitter      (TIJ):    0.000ns
    Discrete Jitter          (DJ):    0.000ns
    Phase Error              (PE):    0.000ns

    Location             Delay type                Incr(ns)  Path(ns)    Netlist Resource(s)
  -------------------------------------------------------------------    -------------------
                         (clock sys_clk rise edge)    0.000     0.000 r  
    M18                                               0.000     0.000 r  clk (IN)
                         net (fo=0)                   0.000     0.000    clk
    M18                  IBUF (Prop_ibuf_I_O)         0.938     0.938 r  clk_IBUF_inst/O
                         net (fo=1, routed)           1.972     2.910    clk_IBUF
    BUFGCTRL_X0Y0        BUFG (Prop_bufg_I_O)         0.096     3.006 r  clk_IBUF_BUFG_inst/O
                         net (fo=144, routed)         1.638     4.644    u_core/clk_IBUF_BUFG
    SLICE_X3Y5           FDCE                                         r  u_core/FSM_sequential_state_reg[3]/C
  -------------------------------------------------------------------    -------------------
    SLICE_X3Y5           FDCE (Prop_fdce_C_Q)         0.456     5.100 f  u_core/FSM_sequential_state_reg[3]/Q
                         net (fo=43, routed)          1.687     6.787    u_core/Q[0]
    SLICE_X3Y5           LUT5 (Prop_lut5_I1_O)        0.124     6.911 f  u_core/latched_wdata[7]_i_3/O
                         net (fo=1, routed)           0.526     7.437    u_core/latched_wdata[7]_i_3_n_0
    SLICE_X2Y5           LUT6 (Prop_lut6_I1_O)        0.124     7.561 r  u_core/latched_wdata[7]_i_2/O
                         net (fo=2, routed)           0.672     8.232    u_core/bus_free_counter_reg[6]_0
    SLICE_X2Y4           LUT4 (Prop_lut4_I0_O)        0.153     8.385 r  u_core/latched_wdata[7]_i_1/O
                         net (fo=9, routed)           0.771     9.156    u_core/latched_wdata[7]_i_1_n_0
    SLICE_X1Y8           FDCE                                         r  u_core/latched_wdata_reg[1]/CE
  -------------------------------------------------------------------    -------------------

                         (clock sys_clk rise edge)   10.000    10.000 r  
    M18                                               0.000    10.000 r  clk (IN)
                         net (fo=0)                   0.000    10.000    clk
    M18                  IBUF (Prop_ibuf_I_O)         0.805    10.805 r  clk_IBUF_inst/O
                         net (fo=1, routed)           1.868    12.673    clk_IBUF
    BUFGCTRL_X0Y0        BUFG (Prop_bufg_I_O)         0.091    12.764 r  clk_IBUF_BUFG_inst/O
                         net (fo=144, routed)         1.518    14.282    u_core/clk_IBUF_BUFG
    SLICE_X1Y8           FDCE                                         r  u_core/latched_wdata_reg[1]/C
                         clock pessimism              0.336    14.618    
                         clock uncertainty           -0.035    14.583    
    SLICE_X1Y8           FDCE (Setup_fdce_C_CE)      -0.412    14.171    u_core/latched_wdata_reg[1]
  -------------------------------------------------------------------
                         required time                         14.171    
                         arrival time                          -9.156    
  -------------------------------------------------------------------
                         slack                                  5.014    

Slack (MET) :             5.014ns  (required time - arrival time)
  Source:                 u_core/FSM_sequential_state_reg[3]/C
                            (rising edge-triggered cell FDCE clocked by sys_clk  {rise@0.000ns fall@5.000ns period=10.000ns})
  Destination:            u_core/latched_wdata_reg[2]/CE
                            (rising edge-triggered cell FDCE clocked by sys_clk  {rise@0.000ns fall@5.000ns period=10.000ns})
  Path Group:             sys_clk
  Path Type:              Setup (Max at Slow Process Corner)
  Requirement:            10.000ns  (sys_clk rise@10.000ns - sys_clk rise@0.000ns)
  Data Path Delay:        4.512ns  (logic 0.857ns (18.993%)  route 3.655ns (81.007%))
  Logic Levels:           3  (LUT4=1 LUT5=1 LUT6=1)
  Clock Path Skew:        -0.026ns (DCD - SCD + CPR)
    Destination Clock Delay (DCD):    4.282ns = ( 14.282 - 10.000 ) 
    Source Clock Delay      (SCD):    4.644ns
    Clock Pessimism Removal (CPR):    0.336ns
  Clock Uncertainty:      0.035ns  ((TSJ^2 + TIJ^2)^1/2 + DJ) / 2 + PE
    Total System Jitter     (TSJ):    0.071ns
    Total Input Jitter      (TIJ):    0.000ns
    Discrete Jitter          (DJ):    0.000ns
    Phase Error              (PE):    0.000ns

    Location             Delay type                Incr(ns)  Path(ns)    Netlist Resource(s)
  -------------------------------------------------------------------    -------------------
                         (clock sys_clk rise edge)    0.000     0.000 r  
    M18                                               0.000     0.000 r  clk (IN)
                         net (fo=0)                   0.000     0.000    clk
    M18                  IBUF (Prop_ibuf_I_O)         0.938     0.938 r  clk_IBUF_inst/O
                         net (fo=1, routed)           1.972     2.910    clk_IBUF
    BUFGCTRL_X0Y0        BUFG (Prop_bufg_I_O)         0.096     3.006 r  clk_IBUF_BUFG_inst/O
                         net (fo=144, routed)         1.638     4.644    u_core/clk_IBUF_BUFG
    SLICE_X3Y5           FDCE                                         r  u_core/FSM_sequential_state_reg[3]/C
  -------------------------------------------------------------------    -------------------
    SLICE_X3Y5           FDCE (Prop_fdce_C_Q)         0.456     5.100 f  u_core/FSM_sequential_state_reg[3]/Q
                         net (fo=43, routed)          1.687     6.787    u_core/Q[0]
    SLICE_X3Y5           LUT5 (Prop_lut5_I1_O)        0.124     6.911 f  u_core/latched_wdata[7]_i_3/O
                         net (fo=1, routed)           0.526     7.437    u_core/latched_wdata[7]_i_3_n_0
    SLICE_X2Y5           LUT6 (Prop_lut6_I1_O)        0.124     7.561 r  u_core/latched_wdata[7]_i_2/O
                         net (fo=2, routed)           0.672     8.232    u_core/bus_free_counter_reg[6]_0
    SLICE_X2Y4           LUT4 (Prop_lut4_I0_O)        0.153     8.385 r  u_core/latched_wdata[7]_i_1/O
                         net (fo=9, routed)           0.771     9.156    u_core/latched_wdata[7]_i_1_n_0
    SLICE_X1Y8           FDCE                                         r  u_core/latched_wdata_reg[2]/CE
  -------------------------------------------------------------------    -------------------

                         (clock sys_clk rise edge)   10.000    10.000 r  
    M18                                               0.000    10.000 r  clk (IN)
                         net (fo=0)                   0.000    10.000    clk
    M18                  IBUF (Prop_ibuf_I_O)         0.805    10.805 r  clk_IBUF_inst/O
                         net (fo=1, routed)           1.868    12.673    clk_IBUF
    BUFGCTRL_X0Y0        BUFG (Prop_bufg_I_O)         0.091    12.764 r  clk_IBUF_BUFG_inst/O
                         net (fo=144, routed)         1.518    14.282    u_core/clk_IBUF_BUFG
    SLICE_X1Y8           FDCE                                         r  u_core/latched_wdata_reg[2]/C
                         clock pessimism              0.336    14.618    
                         clock uncertainty           -0.035    14.583    
    SLICE_X1Y8           FDCE (Setup_fdce_C_CE)      -0.412    14.171    u_core/latched_wdata_reg[2]
  -------------------------------------------------------------------
                         required time                         14.171    
                         arrival time                          -9.156    
  -------------------------------------------------------------------
                         slack                                  5.014    

Slack (MET) :             5.014ns  (required time - arrival time)
  Source:                 u_core/FSM_sequential_state_reg[3]/C
                            (rising edge-triggered cell FDCE clocked by sys_clk  {rise@0.000ns fall@5.000ns period=10.000ns})
  Destination:            u_core/latched_wdata_reg[3]/CE
                            (rising edge-triggered cell FDCE clocked by sys_clk  {rise@0.000ns fall@5.000ns period=10.000ns})
  Path Group:             sys_clk
  Path Type:              Setup (Max at Slow Process Corner)
  Requirement:            10.000ns  (sys_clk rise@10.000ns - sys_clk rise@0.000ns)
  Data Path Delay:        4.512ns  (logic 0.857ns (18.993%)  route 3.655ns (81.007%))
  Logic Levels:           3  (LUT4=1 LUT5=1 LUT6=1)
  Clock Path Skew:        -0.026ns (DCD - SCD + CPR)
    Destination Clock Delay (DCD):    4.282ns = ( 14.282 - 10.000 ) 
    Source Clock Delay      (SCD):    4.644ns
    Clock Pessimism Removal (CPR):    0.336ns
  Clock Uncertainty:      0.035ns  ((TSJ^2 + TIJ^2)^1/2 + DJ) / 2 + PE
    Total System Jitter     (TSJ):    0.071ns
    Total Input Jitter      (TIJ):    0.000ns
    Discrete Jitter          (DJ):    0.000ns
    Phase Error              (PE):    0.000ns

    Location             Delay type                Incr(ns)  Path(ns)    Netlist Resource(s)
  -------------------------------------------------------------------    -------------------
                         (clock sys_clk rise edge)    0.000     0.000 r  
    M18                                               0.000     0.000 r  clk (IN)
                         net (fo=0)                   0.000     0.000    clk
    M18                  IBUF (Prop_ibuf_I_O)         0.938     0.938 r  clk_IBUF_inst/O
                         net (fo=1, routed)           1.972     2.910    clk_IBUF
    BUFGCTRL_X0Y0        BUFG (Prop_bufg_I_O)         0.096     3.006 r  clk_IBUF_BUFG_inst/O
                         net (fo=144, routed)         1.638     4.644    u_core/clk_IBUF_BUFG
    SLICE_X3Y5           FDCE                                         r  u_core/FSM_sequential_state_reg[3]/C
  -------------------------------------------------------------------    -------------------
    SLICE_X3Y5           FDCE (Prop_fdce_C_Q)         0.456     5.100 f  u_core/FSM_sequential_state_reg[3]/Q
                         net (fo=43, routed)          1.687     6.787    u_core/Q[0]
    SLICE_X3Y5           LUT5 (Prop_lut5_I1_O)        0.124     6.911 f  u_core/latched_wdata[7]_i_3/O
                         net (fo=1, routed)           0.526     7.437    u_core/latched_wdata[7]_i_3_n_0
    SLICE_X2Y5           LUT6 (Prop_lut6_I1_O)        0.124     7.561 r  u_core/latched_wdata[7]_i_2/O
                         net (fo=2, routed)           0.672     8.232    u_core/bus_free_counter_reg[6]_0
    SLICE_X2Y4           LUT4 (Prop_lut4_I0_O)        0.153     8.385 r  u_core/latched_wdata[7]_i_1/O
                         net (fo=9, routed)           0.771     9.156    u_core/latched_wdata[7]_i_1_n_0
    SLICE_X1Y8           FDCE                                         r  u_core/latched_wdata_reg[3]/CE
  -------------------------------------------------------------------    -------------------

                         (clock sys_clk rise edge)   10.000    10.000 r  
    M18                                               0.000    10.000 r  clk (IN)
                         net (fo=0)                   0.000    10.000    clk
    M18                  IBUF (Prop_ibuf_I_O)         0.805    10.805 r  clk_IBUF_inst/O
                         net (fo=1, routed)           1.868    12.673    clk_IBUF
    BUFGCTRL_X0Y0        BUFG (Prop_bufg_I_O)         0.091    12.764 r  clk_IBUF_BUFG_inst/O
                         net (fo=144, routed)         1.518    14.282    u_core/clk_IBUF_BUFG
    SLICE_X1Y8           FDCE                                         r  u_core/latched_wdata_reg[3]/C
                         clock pessimism              0.336    14.618    
                         clock uncertainty           -0.035    14.583    
    SLICE_X1Y8           FDCE (Setup_fdce_C_CE)      -0.412    14.171    u_core/latched_wdata_reg[3]
  -------------------------------------------------------------------
                         required time                         14.171    
                         arrival time                          -9.156    
  -------------------------------------------------------------------
                         slack                                  5.014    

Slack (MET) :             5.088ns  (required time - arrival time)
  Source:                 u_core/timing_counter_reg[4]/C
                            (rising edge-triggered cell FDCE clocked by sys_clk  {rise@0.000ns fall@5.000ns period=10.000ns})
  Destination:            u_core/timing_counter_reg[5]/D
                            (rising edge-triggered cell FDCE clocked by sys_clk  {rise@0.000ns fall@5.000ns period=10.000ns})
  Path Group:             sys_clk
  Path Type:              Setup (Max at Slow Process Corner)
  Requirement:            10.000ns  (sys_clk rise@10.000ns - sys_clk rise@0.000ns)
  Data Path Delay:        4.613ns  (logic 1.614ns (34.992%)  route 2.999ns (65.008%))
  Logic Levels:           4  (LUT2=1 LUT5=3)
  Clock Path Skew:        0.000ns (DCD - SCD + CPR)
    Destination Clock Delay (DCD):    4.282ns = ( 14.282 - 10.000 ) 
    Source Clock Delay      (SCD):    4.642ns
    Clock Pessimism Removal (CPR):    0.360ns
  Clock Uncertainty:      0.035ns  ((TSJ^2 + TIJ^2)^1/2 + DJ) / 2 + PE
    Total System Jitter     (TSJ):    0.071ns
    Total Input Jitter      (TIJ):    0.000ns
    Discrete Jitter          (DJ):    0.000ns
    Phase Error              (PE):    0.000ns

    Location             Delay type                Incr(ns)  Path(ns)    Netlist Resource(s)
  -------------------------------------------------------------------    -------------------
                         (clock sys_clk rise edge)    0.000     0.000 r  
    M18                                               0.000     0.000 r  clk (IN)
                         net (fo=0)                   0.000     0.000    clk
    M18                  IBUF (Prop_ibuf_I_O)         0.938     0.938 r  clk_IBUF_inst/O
                         net (fo=1, routed)           1.972     2.910    clk_IBUF
    BUFGCTRL_X0Y0        BUFG (Prop_bufg_I_O)         0.096     3.006 r  clk_IBUF_BUFG_inst/O
                         net (fo=144, routed)         1.636     4.642    u_core/clk_IBUF_BUFG
    SLICE_X4Y2           FDCE                                         r  u_core/timing_counter_reg[4]/C
  -------------------------------------------------------------------    -------------------
    SLICE_X4Y2           FDCE (Prop_fdce_C_Q)         0.456     5.098 f  u_core/timing_counter_reg[4]/Q
                         net (fo=13, routed)          1.110     6.208    u_core/sel0[4]
    SLICE_X4Y1           LUT5 (Prop_lut5_I1_O)        0.152     6.360 r  u_core/timing_counter[2]_i_2/O
                         net (fo=4, routed)           0.660     7.020    u_core/timing_counter[2]_i_2_n_0
    SLICE_X4Y2           LUT5 (Prop_lut5_I0_O)        0.357     7.377 r  u_core/timing_counter[4]_i_3/O
                         net (fo=9, routed)           0.536     7.913    u_core/timing_counter[4]_i_3_n_0
    SLICE_X4Y2           LUT2 (Prop_lut2_I1_O)        0.328     8.241 r  u_core/timing_counter[8]_i_2/O
                         net (fo=6, routed)           0.310     8.551    u_core/timing_counter[8]_i_2_n_0
    SLICE_X4Y2           LUT5 (Prop_lut5_I0_O)        0.321     8.872 r  u_core/timing_counter[5]_i_1/O
                         net (fo=1, routed)           0.382     9.254    u_core/p_0_in[5]
    SLICE_X4Y2           FDCE                                         r  u_core/timing_counter_reg[5]/D
  -------------------------------------------------------------------    -------------------

                         (clock sys_clk rise edge)   10.000    10.000 r  
    M18                                               0.000    10.000 r  clk (IN)
                         net (fo=0)                   0.000    10.000    clk
    M18                  IBUF (Prop_ibuf_I_O)         0.805    10.805 r  clk_IBUF_inst/O
                         net (fo=1, routed)           1.868    12.673    clk_IBUF
    BUFGCTRL_X0Y0        BUFG (Prop_bufg_I_O)         0.091    12.764 r  clk_IBUF_BUFG_inst/O
                         net (fo=144, routed)         1.518    14.282    u_core/clk_IBUF_BUFG
    SLICE_X4Y2           FDCE                                         r  u_core/timing_counter_reg[5]/C
                         clock pessimism              0.360    14.642    
                         clock uncertainty           -0.035    14.607    
    SLICE_X4Y2           FDCE (Setup_fdce_C_D)       -0.264    14.343    u_core/timing_counter_reg[5]
  -------------------------------------------------------------------
                         required time                         14.343    
                         arrival time                          -9.254    
  -------------------------------------------------------------------
                         slack                                  5.088    

Slack (MET) :             5.107ns  (required time - arrival time)
  Source:                 u_core/bus_free_counter_reg[6]/C
                            (rising edge-triggered cell FDCE clocked by sys_clk  {rise@0.000ns fall@5.000ns period=10.000ns})
  Destination:            u_core/sda_drive_low_reg/D
                            (rising edge-triggered cell FDCE clocked by sys_clk  {rise@0.000ns fall@5.000ns period=10.000ns})
  Path Group:             sys_clk
  Path Type:              Setup (Max at Slow Process Corner)
  Requirement:            10.000ns  (sys_clk rise@10.000ns - sys_clk rise@0.000ns)
  Data Path Delay:        4.847ns  (logic 1.552ns (32.019%)  route 3.295ns (67.981%))
  Logic Levels:           4  (LUT3=1 LUT5=1 LUT6=2)
  Clock Path Skew:        -0.041ns (DCD - SCD + CPR)
    Destination Clock Delay (DCD):    4.281ns = ( 14.281 - 10.000 ) 
    Source Clock Delay      (SCD):    4.644ns
    Clock Pessimism Removal (CPR):    0.322ns
  Clock Uncertainty:      0.035ns  ((TSJ^2 + TIJ^2)^1/2 + DJ) / 2 + PE
    Total System Jitter     (TSJ):    0.071ns
    Total Input Jitter      (TIJ):    0.000ns
    Discrete Jitter          (DJ):    0.000ns
    Phase Error              (PE):    0.000ns

    Location             Delay type                Incr(ns)  Path(ns)    Netlist Resource(s)
  -------------------------------------------------------------------    -------------------
                         (clock sys_clk rise edge)    0.000     0.000 r  
    M18                                               0.000     0.000 r  clk (IN)
                         net (fo=0)                   0.000     0.000    clk
    M18                  IBUF (Prop_ibuf_I_O)         0.938     0.938 r  clk_IBUF_inst/O
                         net (fo=1, routed)           1.972     2.910    clk_IBUF
    BUFGCTRL_X0Y0        BUFG (Prop_bufg_I_O)         0.096     3.006 r  clk_IBUF_BUFG_inst/O
                         net (fo=144, routed)         1.638     4.644    u_core/clk_IBUF_BUFG
    SLICE_X3Y6           FDCE                                         r  u_core/bus_free_counter_reg[6]/C
  -------------------------------------------------------------------    -------------------
    SLICE_X3Y6           FDCE (Prop_fdce_C_Q)         0.419     5.063 r  u_core/bus_free_counter_reg[6]/Q
                         net (fo=6, routed)           1.018     6.081    u_core/bus_free_counter[6]
    SLICE_X2Y5           LUT3 (Prop_lut3_I2_O)        0.321     6.402 f  u_core/FSM_sequential_state[3]_i_6/O
                         net (fo=1, routed)           0.939     7.342    u_core/FSM_sequential_state[3]_i_6_n_0
    SLICE_X2Y5           LUT6 (Prop_lut6_I1_O)        0.328     7.670 r  u_core/FSM_sequential_state[3]_i_4/O
                         net (fo=8, routed)           1.030     8.700    u_core/FSM_sequential_state[3]_i_4_n_0
    SLICE_X3Y3           LUT5 (Prop_lut5_I0_O)        0.152     8.852 r  u_core/sda_drive_low_i_2/O
                         net (fo=1, routed)           0.307     9.159    u_core/sda_drive_low_i_2_n_0
    SLICE_X4Y3           LUT6 (Prop_lut6_I1_O)        0.332     9.491 r  u_core/sda_drive_low_i_1/O
                         net (fo=1, routed)           0.000     9.491    u_core/sda_drive_low4_out
    SLICE_X4Y3           FDCE                                         r  u_core/sda_drive_low_reg/D
  -------------------------------------------------------------------    -------------------

                         (clock sys_clk rise edge)   10.000    10.000 r  
    M18                                               0.000    10.000 r  clk (IN)
                         net (fo=0)                   0.000    10.000    clk
    M18                  IBUF (Prop_ibuf_I_O)         0.805    10.805 r  clk_IBUF_inst/O
                         net (fo=1, routed)           1.868    12.673    clk_IBUF
    BUFGCTRL_X0Y0        BUFG (Prop_bufg_I_O)         0.091    12.764 r  clk_IBUF_BUFG_inst/O
                         net (fo=144, routed)         1.517    14.281    u_core/clk_IBUF_BUFG
    SLICE_X4Y3           FDCE                                         r  u_core/sda_drive_low_reg/C
                         clock pessimism              0.322    14.603    
                         clock uncertainty           -0.035    14.568    
    SLICE_X4Y3           FDCE (Setup_fdce_C_D)        0.031    14.599    u_core/sda_drive_low_reg
  -------------------------------------------------------------------
                         required time                         14.599    
                         arrival time                          -9.491    
  -------------------------------------------------------------------
                         slack                                  5.107    

Slack (MET) :             5.112ns  (required time - arrival time)
  Source:                 u_core/timing_counter_reg[4]/C
                            (rising edge-triggered cell FDCE clocked by sys_clk  {rise@0.000ns fall@5.000ns period=10.000ns})
  Destination:            u_core/bit_index_reg[0]/CE
                            (rising edge-triggered cell FDCE clocked by sys_clk  {rise@0.000ns fall@5.000ns period=10.000ns})
  Path Group:             sys_clk
  Path Type:              Setup (Max at Slow Process Corner)
  Requirement:            10.000ns  (sys_clk rise@10.000ns - sys_clk rise@0.000ns)
  Data Path Delay:        4.610ns  (logic 1.188ns (25.769%)  route 3.422ns (74.231%))
  Logic Levels:           4  (LUT5=1 LUT6=3)
  Clock Path Skew:        -0.037ns (DCD - SCD + CPR)
    Destination Clock Delay (DCD):    4.283ns = ( 14.283 - 10.000 ) 
    Source Clock Delay      (SCD):    4.642ns
    Clock Pessimism Removal (CPR):    0.322ns
  Clock Uncertainty:      0.035ns  ((TSJ^2 + TIJ^2)^1/2 + DJ) / 2 + PE
    Total System Jitter     (TSJ):    0.071ns
    Total Input Jitter      (TIJ):    0.000ns
    Discrete Jitter          (DJ):    0.000ns
    Phase Error              (PE):    0.000ns

    Location             Delay type                Incr(ns)  Path(ns)    Netlist Resource(s)
  -------------------------------------------------------------------    -------------------
                         (clock sys_clk rise edge)    0.000     0.000 r  
    M18                                               0.000     0.000 r  clk (IN)
                         net (fo=0)                   0.000     0.000    clk
    M18                  IBUF (Prop_ibuf_I_O)         0.938     0.938 r  clk_IBUF_inst/O
                         net (fo=1, routed)           1.972     2.910    clk_IBUF
    BUFGCTRL_X0Y0        BUFG (Prop_bufg_I_O)         0.096     3.006 r  clk_IBUF_BUFG_inst/O
                         net (fo=144, routed)         1.636     4.642    u_core/clk_IBUF_BUFG
    SLICE_X4Y2           FDCE                                         r  u_core/timing_counter_reg[4]/C
  -------------------------------------------------------------------    -------------------
    SLICE_X4Y2           FDCE (Prop_fdce_C_Q)         0.456     5.098 r  u_core/timing_counter_reg[4]/Q
                         net (fo=13, routed)          1.110     6.208    u_core/sel0[4]
    SLICE_X4Y1           LUT5 (Prop_lut5_I1_O)        0.152     6.360 f  u_core/timing_counter[2]_i_2/O
                         net (fo=4, routed)           0.641     7.001    u_core/timing_counter[2]_i_2_n_0
    SLICE_X3Y2           LUT6 (Prop_lut6_I1_O)        0.332     7.333 f  u_core/tx_shift[7]_i_3/O
                         net (fo=6, routed)           0.499     7.832    u_core/tx_shift[7]_i_3_n_0
    SLICE_X4Y4           LUT6 (Prop_lut6_I2_O)        0.124     7.956 f  u_core/bit_index[3]_i_4/O
                         net (fo=1, routed)           0.580     8.536    u_core/bit_index[3]_i_4_n_0
    SLICE_X3Y4           LUT6 (Prop_lut6_I5_O)        0.124     8.660 r  u_core/bit_index[3]_i_1/O
                         net (fo=4, routed)           0.592     9.252    u_core/bit_index[3]_i_1_n_0
    SLICE_X3Y4           FDCE                                         r  u_core/bit_index_reg[0]/CE
  -------------------------------------------------------------------    -------------------

                         (clock sys_clk rise edge)   10.000    10.000 r  
    M18                                               0.000    10.000 r  clk (IN)
                         net (fo=0)                   0.000    10.000    clk
    M18                  IBUF (Prop_ibuf_I_O)         0.805    10.805 r  clk_IBUF_inst/O
                         net (fo=1, routed)           1.868    12.673    clk_IBUF
    BUFGCTRL_X0Y0        BUFG (Prop_bufg_I_O)         0.091    12.764 r  clk_IBUF_BUFG_inst/O
                         net (fo=144, routed)         1.519    14.283    u_core/clk_IBUF_BUFG
    SLICE_X3Y4           FDCE                                         r  u_core/bit_index_reg[0]/C
                         clock pessimism              0.322    14.605    
                         clock uncertainty           -0.035    14.570    
    SLICE_X3Y4           FDCE (Setup_fdce_C_CE)      -0.205    14.365    u_core/bit_index_reg[0]
  -------------------------------------------------------------------
                         required time                         14.365    
                         arrival time                          -9.252    
  -------------------------------------------------------------------
                         slack                                  5.112    

Slack (MET) :             5.113ns  (required time - arrival time)
  Source:                 u_core/FSM_sequential_state_reg[3]/C
                            (rising edge-triggered cell FDCE clocked by sys_clk  {rise@0.000ns fall@5.000ns period=10.000ns})
  Destination:            u_fault_manager/fault_active_reg/CE
                            (rising edge-triggered cell FDCE clocked by sys_clk  {rise@0.000ns fall@5.000ns period=10.000ns})
  Path Group:             sys_clk
  Path Type:              Setup (Max at Slow Process Corner)
  Requirement:            10.000ns  (sys_clk rise@10.000ns - sys_clk rise@0.000ns)
  Data Path Delay:        4.574ns  (logic 0.952ns (20.812%)  route 3.622ns (79.188%))
  Logic Levels:           4  (LUT5=1 LUT6=3)
  Clock Path Skew:        -0.108ns (DCD - SCD + CPR)
    Destination Clock Delay (DCD):    4.214ns = ( 14.214 - 10.000 ) 
    Source Clock Delay      (SCD):    4.644ns
    Clock Pessimism Removal (CPR):    0.322ns
  Clock Uncertainty:      0.035ns  ((TSJ^2 + TIJ^2)^1/2 + DJ) / 2 + PE
    Total System Jitter     (TSJ):    0.071ns
    Total Input Jitter      (TIJ):    0.000ns
    Discrete Jitter          (DJ):    0.000ns
    Phase Error              (PE):    0.000ns

    Location             Delay type                Incr(ns)  Path(ns)    Netlist Resource(s)
  -------------------------------------------------------------------    -------------------
                         (clock sys_clk rise edge)    0.000     0.000 r  
    M18                                               0.000     0.000 r  clk (IN)
                         net (fo=0)                   0.000     0.000    clk
    M18                  IBUF (Prop_ibuf_I_O)         0.938     0.938 r  clk_IBUF_inst/O
                         net (fo=1, routed)           1.972     2.910    clk_IBUF
    BUFGCTRL_X0Y0        BUFG (Prop_bufg_I_O)         0.096     3.006 r  clk_IBUF_BUFG_inst/O
                         net (fo=144, routed)         1.638     4.644    u_core/clk_IBUF_BUFG
    SLICE_X3Y5           FDCE                                         r  u_core/FSM_sequential_state_reg[3]/C
  -------------------------------------------------------------------    -------------------
    SLICE_X3Y5           FDCE (Prop_fdce_C_Q)         0.456     5.100 f  u_core/FSM_sequential_state_reg[3]/Q
                         net (fo=43, routed)          1.687     6.787    u_core/Q[0]
    SLICE_X3Y5           LUT5 (Prop_lut5_I1_O)        0.124     6.911 f  u_core/latched_wdata[7]_i_3/O
                         net (fo=1, routed)           0.526     7.437    u_core/latched_wdata[7]_i_3_n_0
    SLICE_X2Y5           LUT6 (Prop_lut6_I1_O)        0.124     7.561 r  u_core/latched_wdata[7]_i_2/O
                         net (fo=2, routed)           0.938     8.499    u_fault_manager/u_fault_detector/fault_active_reg
    SLICE_X8Y4           LUT6 (Prop_lut6_I1_O)        0.124     8.623 r  u_fault_manager/u_fault_detector/fault_active_i_3/O
                         net (fo=1, routed)           0.282     8.905    u_fault_manager/u_fault_detector/fault_active_i_3_n_0
    SLICE_X8Y4           LUT6 (Prop_lut6_I5_O)        0.124     9.029 r  u_fault_manager/u_fault_detector/fault_active_i_1/O
                         net (fo=3, routed)           0.190     9.218    u_fault_manager/u_fault_detector_n_1
    SLICE_X8Y4           FDCE                                         r  u_fault_manager/fault_active_reg/CE
  -------------------------------------------------------------------    -------------------

                         (clock sys_clk rise edge)   10.000    10.000 r  
    M18                                               0.000    10.000 r  clk (IN)
                         net (fo=0)                   0.000    10.000    clk
    M18                  IBUF (Prop_ibuf_I_O)         0.805    10.805 r  clk_IBUF_inst/O
                         net (fo=1, routed)           1.868    12.673    clk_IBUF
    BUFGCTRL_X0Y0        BUFG (Prop_bufg_I_O)         0.091    12.764 r  clk_IBUF_BUFG_inst/O
                         net (fo=144, routed)         1.450    14.214    u_fault_manager/clk_IBUF_BUFG
    SLICE_X8Y4           FDCE                                         r  u_fault_manager/fault_active_reg/C
                         clock pessimism              0.322    14.536    
                         clock uncertainty           -0.035    14.501    
    SLICE_X8Y4           FDCE (Setup_fdce_C_CE)      -0.169    14.332    u_fault_manager/fault_active_reg
  -------------------------------------------------------------------
                         required time                         14.332    
                         arrival time                          -9.218    
  -------------------------------------------------------------------
                         slack                                  5.113    

Slack (MET) :             5.113ns  (required time - arrival time)
  Source:                 u_core/FSM_sequential_state_reg[3]/C
                            (rising edge-triggered cell FDCE clocked by sys_clk  {rise@0.000ns fall@5.000ns period=10.000ns})
  Destination:            u_fault_manager/fault_code_reg[0]/CE
                            (rising edge-triggered cell FDCE clocked by sys_clk  {rise@0.000ns fall@5.000ns period=10.000ns})
  Path Group:             sys_clk
  Path Type:              Setup (Max at Slow Process Corner)
  Requirement:            10.000ns  (sys_clk rise@10.000ns - sys_clk rise@0.000ns)
  Data Path Delay:        4.574ns  (logic 0.952ns (20.812%)  route 3.622ns (79.188%))
  Logic Levels:           4  (LUT5=1 LUT6=3)
  Clock Path Skew:        -0.108ns (DCD - SCD + CPR)
    Destination Clock Delay (DCD):    4.214ns = ( 14.214 - 10.000 ) 
    Source Clock Delay      (SCD):    4.644ns
    Clock Pessimism Removal (CPR):    0.322ns
  Clock Uncertainty:      0.035ns  ((TSJ^2 + TIJ^2)^1/2 + DJ) / 2 + PE
    Total System Jitter     (TSJ):    0.071ns
    Total Input Jitter      (TIJ):    0.000ns
    Discrete Jitter          (DJ):    0.000ns
    Phase Error              (PE):    0.000ns

    Location             Delay type                Incr(ns)  Path(ns)    Netlist Resource(s)
  -------------------------------------------------------------------    -------------------
                         (clock sys_clk rise edge)    0.000     0.000 r  
    M18                                               0.000     0.000 r  clk (IN)
                         net (fo=0)                   0.000     0.000    clk
    M18                  IBUF (Prop_ibuf_I_O)         0.938     0.938 r  clk_IBUF_inst/O
                         net (fo=1, routed)           1.972     2.910    clk_IBUF
    BUFGCTRL_X0Y0        BUFG (Prop_bufg_I_O)         0.096     3.006 r  clk_IBUF_BUFG_inst/O
                         net (fo=144, routed)         1.638     4.644    u_core/clk_IBUF_BUFG
    SLICE_X3Y5           FDCE                                         r  u_core/FSM_sequential_state_reg[3]/C
  -------------------------------------------------------------------    -------------------
    SLICE_X3Y5           FDCE (Prop_fdce_C_Q)         0.456     5.100 f  u_core/FSM_sequential_state_reg[3]/Q
                         net (fo=43, routed)          1.687     6.787    u_core/Q[0]
    SLICE_X3Y5           LUT5 (Prop_lut5_I1_O)        0.124     6.911 f  u_core/latched_wdata[7]_i_3/O
                         net (fo=1, routed)           0.526     7.437    u_core/latched_wdata[7]_i_3_n_0
    SLICE_X2Y5           LUT6 (Prop_lut6_I1_O)        0.124     7.561 r  u_core/latched_wdata[7]_i_2/O
                         net (fo=2, routed)           0.938     8.499    u_fault_manager/u_fault_detector/fault_active_reg
    SLICE_X8Y4           LUT6 (Prop_lut6_I1_O)        0.124     8.623 r  u_fault_manager/u_fault_detector/fault_active_i_3/O
                         net (fo=1, routed)           0.282     8.905    u_fault_manager/u_fault_detector/fault_active_i_3_n_0
    SLICE_X8Y4           LUT6 (Prop_lut6_I5_O)        0.124     9.029 r  u_fault_manager/u_fault_detector/fault_active_i_1/O
                         net (fo=3, routed)           0.190     9.218    u_fault_manager/u_fault_detector_n_1
    SLICE_X8Y4           FDCE                                         r  u_fault_manager/fault_code_reg[0]/CE
  -------------------------------------------------------------------    -------------------

                         (clock sys_clk rise edge)   10.000    10.000 r  
    M18                                               0.000    10.000 r  clk (IN)
                         net (fo=0)                   0.000    10.000    clk
    M18                  IBUF (Prop_ibuf_I_O)         0.805    10.805 r  clk_IBUF_inst/O
                         net (fo=1, routed)           1.868    12.673    clk_IBUF
    BUFGCTRL_X0Y0        BUFG (Prop_bufg_I_O)         0.091    12.764 r  clk_IBUF_BUFG_inst/O
                         net (fo=144, routed)         1.450    14.214    u_fault_manager/clk_IBUF_BUFG
    SLICE_X8Y4           FDCE                                         r  u_fault_manager/fault_code_reg[0]/C
                         clock pessimism              0.322    14.536    
                         clock uncertainty           -0.035    14.501    
    SLICE_X8Y4           FDCE (Setup_fdce_C_CE)      -0.169    14.332    u_fault_manager/fault_code_reg[0]
  -------------------------------------------------------------------
                         required time                         14.332    
                         arrival time                          -9.218    
  -------------------------------------------------------------------
                         slack                                  5.113    

Slack (MET) :             5.113ns  (required time - arrival time)
  Source:                 u_core/FSM_sequential_state_reg[3]/C
                            (rising edge-triggered cell FDCE clocked by sys_clk  {rise@0.000ns fall@5.000ns period=10.000ns})
  Destination:            u_fault_manager/fault_code_reg[1]/CE
                            (rising edge-triggered cell FDCE clocked by sys_clk  {rise@0.000ns fall@5.000ns period=10.000ns})
  Path Group:             sys_clk
  Path Type:              Setup (Max at Slow Process Corner)
  Requirement:            10.000ns  (sys_clk rise@10.000ns - sys_clk rise@0.000ns)
  Data Path Delay:        4.574ns  (logic 0.952ns (20.812%)  route 3.622ns (79.188%))
  Logic Levels:           4  (LUT5=1 LUT6=3)
  Clock Path Skew:        -0.108ns (DCD - SCD + CPR)
    Destination Clock Delay (DCD):    4.214ns = ( 14.214 - 10.000 ) 
    Source Clock Delay      (SCD):    4.644ns
    Clock Pessimism Removal (CPR):    0.322ns
  Clock Uncertainty:      0.035ns  ((TSJ^2 + TIJ^2)^1/2 + DJ) / 2 + PE
    Total System Jitter     (TSJ):    0.071ns
    Total Input Jitter      (TIJ):    0.000ns
    Discrete Jitter          (DJ):    0.000ns
    Phase Error              (PE):    0.000ns

    Location             Delay type                Incr(ns)  Path(ns)    Netlist Resource(s)
  -------------------------------------------------------------------    -------------------
                         (clock sys_clk rise edge)    0.000     0.000 r  
    M18                                               0.000     0.000 r  clk (IN)
                         net (fo=0)                   0.000     0.000    clk
    M18                  IBUF (Prop_ibuf_I_O)         0.938     0.938 r  clk_IBUF_inst/O
                         net (fo=1, routed)           1.972     2.910    clk_IBUF
    BUFGCTRL_X0Y0        BUFG (Prop_bufg_I_O)         0.096     3.006 r  clk_IBUF_BUFG_inst/O
                         net (fo=144, routed)         1.638     4.644    u_core/clk_IBUF_BUFG
    SLICE_X3Y5           FDCE                                         r  u_core/FSM_sequential_state_reg[3]/C
  -------------------------------------------------------------------    -------------------
    SLICE_X3Y5           FDCE (Prop_fdce_C_Q)         0.456     5.100 f  u_core/FSM_sequential_state_reg[3]/Q
                         net (fo=43, routed)          1.687     6.787    u_core/Q[0]
    SLICE_X3Y5           LUT5 (Prop_lut5_I1_O)        0.124     6.911 f  u_core/latched_wdata[7]_i_3/O
                         net (fo=1, routed)           0.526     7.437    u_core/latched_wdata[7]_i_3_n_0
    SLICE_X2Y5           LUT6 (Prop_lut6_I1_O)        0.124     7.561 r  u_core/latched_wdata[7]_i_2/O
                         net (fo=2, routed)           0.938     8.499    u_fault_manager/u_fault_detector/fault_active_reg
    SLICE_X8Y4           LUT6 (Prop_lut6_I1_O)        0.124     8.623 r  u_fault_manager/u_fault_detector/fault_active_i_3/O
                         net (fo=1, routed)           0.282     8.905    u_fault_manager/u_fault_detector/fault_active_i_3_n_0
    SLICE_X8Y4           LUT6 (Prop_lut6_I5_O)        0.124     9.029 r  u_fault_manager/u_fault_detector/fault_active_i_1/O
                         net (fo=3, routed)           0.190     9.218    u_fault_manager/u_fault_detector_n_1
    SLICE_X8Y4           FDCE                                         r  u_fault_manager/fault_code_reg[1]/CE
  -------------------------------------------------------------------    -------------------

                         (clock sys_clk rise edge)   10.000    10.000 r  
    M18                                               0.000    10.000 r  clk (IN)
                         net (fo=0)                   0.000    10.000    clk
    M18                  IBUF (Prop_ibuf_I_O)         0.805    10.805 r  clk_IBUF_inst/O
                         net (fo=1, routed)           1.868    12.673    clk_IBUF
    BUFGCTRL_X0Y0        BUFG (Prop_bufg_I_O)         0.091    12.764 r  clk_IBUF_BUFG_inst/O
                         net (fo=144, routed)         1.450    14.214    u_fault_manager/clk_IBUF_BUFG
    SLICE_X8Y4           FDCE                                         r  u_fault_manager/fault_code_reg[1]/C
                         clock pessimism              0.322    14.536    
                         clock uncertainty           -0.035    14.501    
    SLICE_X8Y4           FDCE (Setup_fdce_C_CE)      -0.169    14.332    u_fault_manager/fault_code_reg[1]
  -------------------------------------------------------------------
                         required time                         14.332    
                         arrival time                          -9.218    
  -------------------------------------------------------------------
                         slack                                  5.113    

Slack (MET) :             5.127ns  (required time - arrival time)
  Source:                 u_fault_manager/FSM_sequential_state_reg[3]/C
                            (rising edge-triggered cell FDCE clocked by sys_clk  {rise@0.000ns fall@5.000ns period=10.000ns})
  Destination:            u_fault_manager/u_fault_detector/f2_count_reg[16]/CE
                            (rising edge-triggered cell FDCE clocked by sys_clk  {rise@0.000ns fall@5.000ns period=10.000ns})
  Path Group:             sys_clk
  Path Type:              Setup (Max at Slow Process Corner)
  Requirement:            10.000ns  (sys_clk rise@10.000ns - sys_clk rise@0.000ns)
  Data Path Delay:        4.659ns  (logic 0.828ns (17.773%)  route 3.831ns (82.227%))
  Logic Levels:           3  (LUT3=1 LUT5=1 LUT6=1)
  Clock Path Skew:        0.026ns (DCD - SCD + CPR)
    Destination Clock Delay (DCD):    4.280ns = ( 14.280 - 10.000 ) 
    Source Clock Delay      (SCD):    4.576ns
    Clock Pessimism Removal (CPR):    0.322ns
  Clock Uncertainty:      0.035ns  ((TSJ^2 + TIJ^2)^1/2 + DJ) / 2 + PE
    Total System Jitter     (TSJ):    0.071ns
    Total Input Jitter      (TIJ):    0.000ns
    Discrete Jitter          (DJ):    0.000ns
    Phase Error              (PE):    0.000ns

    Location             Delay type                Incr(ns)  Path(ns)    Netlist Resource(s)
  -------------------------------------------------------------------    -------------------
                         (clock sys_clk rise edge)    0.000     0.000 r  
    M18                                               0.000     0.000 r  clk (IN)
                         net (fo=0)                   0.000     0.000    clk
    M18                  IBUF (Prop_ibuf_I_O)         0.938     0.938 r  clk_IBUF_inst/O
                         net (fo=1, routed)           1.972     2.910    clk_IBUF
    BUFGCTRL_X0Y0        BUFG (Prop_bufg_I_O)         0.096     3.006 r  clk_IBUF_BUFG_inst/O
                         net (fo=144, routed)         1.570     4.576    u_fault_manager/clk_IBUF_BUFG
    SLICE_X9Y1           FDCE                                         r  u_fault_manager/FSM_sequential_state_reg[3]/C
  -------------------------------------------------------------------    -------------------
    SLICE_X9Y1           FDCE (Prop_fdce_C_Q)         0.456     5.032 r  u_fault_manager/FSM_sequential_state_reg[3]/Q
                         net (fo=45, routed)          1.479     6.511    u_fault_manager/u_fault_detector/Q[3]
    SLICE_X6Y3           LUT6 (Prop_lut6_I1_O)        0.124     6.635 r  u_fault_manager/u_fault_detector/f2_detect_pulse_i_7/O
                         net (fo=1, routed)           0.338     6.973    u_fault_manager/u_fault_detector/f2_detect_pulse_i_7_n_0
    SLICE_X7Y3           LUT5 (Prop_lut5_I2_O)        0.124     7.097 f  u_fault_manager/u_fault_detector/f2_detect_pulse_i_3/O
                         net (fo=21, routed)          1.272     8.369    u_fault_manager/u_fault_detector/f2_qualifies
    SLICE_X8Y6           LUT3 (Prop_lut3_I2_O)        0.124     8.493 r  u_fault_manager/u_fault_detector/f2_count[0]_i_1/O
                         net (fo=17, routed)          0.742     9.235    u_fault_manager/u_fault_detector/f2_count[0]_i_1_n_0
    SLICE_X7Y8           FDCE                                         r  u_fault_manager/u_fault_detector/f2_count_reg[16]/CE
  -------------------------------------------------------------------    -------------------

                         (clock sys_clk rise edge)   10.000    10.000 r  
    M18                                               0.000    10.000 r  clk (IN)
                         net (fo=0)                   0.000    10.000    clk
    M18                  IBUF (Prop_ibuf_I_O)         0.805    10.805 r  clk_IBUF_inst/O
                         net (fo=1, routed)           1.868    12.673    clk_IBUF
    BUFGCTRL_X0Y0        BUFG (Prop_bufg_I_O)         0.091    12.764 r  clk_IBUF_BUFG_inst/O
                         net (fo=144, routed)         1.516    14.280    u_fault_manager/u_fault_detector/clk_IBUF_BUFG
    SLICE_X7Y8           FDCE                                         r  u_fault_manager/u_fault_detector/f2_count_reg[16]/C
                         clock pessimism              0.322    14.602    
                         clock uncertainty           -0.035    14.567    
    SLICE_X7Y8           FDCE (Setup_fdce_C_CE)      -0.205    14.362    u_fault_manager/u_fault_detector/f2_count_reg[16]
  -------------------------------------------------------------------
                         required time                         14.362    
                         arrival time                          -9.235    
  -------------------------------------------------------------------
                         slack                                  5.127    

Slack (MET) :             5.138ns  (required time - arrival time)
  Source:                 u_core/timing_counter_reg[4]/C
                            (rising edge-triggered cell FDCE clocked by sys_clk  {rise@0.000ns fall@5.000ns period=10.000ns})
  Destination:            u_core/scl_drive_low_reg/D
                            (rising edge-triggered cell FDCE clocked by sys_clk  {rise@0.000ns fall@5.000ns period=10.000ns})
  Path Group:             sys_clk
  Path Type:              Setup (Max at Slow Process Corner)
  Requirement:            10.000ns  (sys_clk rise@10.000ns - sys_clk rise@0.000ns)
  Data Path Delay:        4.734ns  (logic 1.421ns (30.017%)  route 3.313ns (69.983%))
  Logic Levels:           4  (LUT5=3 LUT6=1)
  Clock Path Skew:        -0.026ns (DCD - SCD + CPR)
    Destination Clock Delay (DCD):    4.281ns = ( 14.281 - 10.000 ) 
    Source Clock Delay      (SCD):    4.642ns
    Clock Pessimism Removal (CPR):    0.335ns
  Clock Uncertainty:      0.035ns  ((TSJ^2 + TIJ^2)^1/2 + DJ) / 2 + PE
    Total System Jitter     (TSJ):    0.071ns
    Total Input Jitter      (TIJ):    0.000ns
    Discrete Jitter          (DJ):    0.000ns
    Phase Error              (PE):    0.000ns

    Location             Delay type                Incr(ns)  Path(ns)    Netlist Resource(s)
  -------------------------------------------------------------------    -------------------
                         (clock sys_clk rise edge)    0.000     0.000 r  
    M18                                               0.000     0.000 r  clk (IN)
                         net (fo=0)                   0.000     0.000    clk
    M18                  IBUF (Prop_ibuf_I_O)         0.938     0.938 r  clk_IBUF_inst/O
                         net (fo=1, routed)           1.972     2.910    clk_IBUF
    BUFGCTRL_X0Y0        BUFG (Prop_bufg_I_O)         0.096     3.006 r  clk_IBUF_BUFG_inst/O
                         net (fo=144, routed)         1.636     4.642    u_core/clk_IBUF_BUFG
    SLICE_X4Y2           FDCE                                         r  u_core/timing_counter_reg[4]/C
  -------------------------------------------------------------------    -------------------
    SLICE_X4Y2           FDCE (Prop_fdce_C_Q)         0.456     5.098 f  u_core/timing_counter_reg[4]/Q
                         net (fo=13, routed)          1.110     6.208    u_core/sel0[4]
    SLICE_X4Y1           LUT5 (Prop_lut5_I1_O)        0.152     6.360 r  u_core/timing_counter[2]_i_2/O
                         net (fo=4, routed)           0.660     7.020    u_core/timing_counter[2]_i_2_n_0
    SLICE_X4Y2           LUT5 (Prop_lut5_I0_O)        0.357     7.377 r  u_core/timing_counter[4]_i_3/O
                         net (fo=9, routed)           0.537     7.914    u_core/timing_counter[4]_i_3_n_0
    SLICE_X2Y3           LUT6 (Prop_lut6_I5_O)        0.332     8.246 f  u_core/scl_drive_low_i_3/O
                         net (fo=1, routed)           0.670     8.916    u_core/scl_drive_low_i_3_n_0
    SLICE_X2Y3           LUT5 (Prop_lut5_I4_O)        0.124     9.040 r  u_core/scl_drive_low_i_1/O
                         net (fo=1, routed)           0.336     9.376    u_core/scl_drive_low_i_1_n_0
    SLICE_X5Y3           FDCE                                         r  u_core/scl_drive_low_reg/D
  -------------------------------------------------------------------    -------------------

                         (clock sys_clk rise edge)   10.000    10.000 r  
    M18                                               0.000    10.000 r  clk (IN)
                         net (fo=0)                   0.000    10.000    clk
    M18                  IBUF (Prop_ibuf_I_O)         0.805    10.805 r  clk_IBUF_inst/O
                         net (fo=1, routed)           1.868    12.673    clk_IBUF
    BUFGCTRL_X0Y0        BUFG (Prop_bufg_I_O)         0.091    12.764 r  clk_IBUF_BUFG_inst/O
                         net (fo=144, routed)         1.517    14.281    u_core/clk_IBUF_BUFG
    SLICE_X5Y3           FDCE                                         r  u_core/scl_drive_low_reg/C
                         clock pessimism              0.335    14.616    
                         clock uncertainty           -0.035    14.581    
    SLICE_X5Y3           FDCE (Setup_fdce_C_D)       -0.067    14.514    u_core/scl_drive_low_reg
  -------------------------------------------------------------------
                         required time                         14.514    
                         arrival time                          -9.376    
  -------------------------------------------------------------------
                         slack                                  5.138    





Pulse Width Checks
--------------------------------------------------------------------------------------
Clock Name:         sys_clk
Waveform(ns):       { 0.000 5.000 }
Period(ns):         10.000
Sources:            { clk }

Check Type        Corner  Lib Pin  Reference Pin  Required(ns)  Actual(ns)  Slack(ns)  Location       Pin
Min Period        n/a     BUFG/I   n/a            2.155         10.000      7.845      BUFGCTRL_X0Y0  clk_IBUF_BUFG_inst/I
Min Period        n/a     FDCE/C   n/a            1.000         10.000      9.000      SLICE_X2Y3     u_core/FSM_sequential_state_reg[0]/C
Min Period        n/a     FDCE/C   n/a            1.000         10.000      9.000      SLICE_X1Y4     u_core/FSM_sequential_state_reg[1]/C
Min Period        n/a     FDCE/C   n/a            1.000         10.000      9.000      SLICE_X3Y5     u_core/FSM_sequential_state_reg[2]/C
Min Period        n/a     FDCE/C   n/a            1.000         10.000      9.000      SLICE_X3Y5     u_core/FSM_sequential_state_reg[3]/C
Min Period        n/a     FDCE/C   n/a            1.000         10.000      9.000      SLICE_X3Y4     u_core/bit_index_reg[0]/C
Min Period        n/a     FDCE/C   n/a            1.000         10.000      9.000      SLICE_X1Y3     u_core/bit_index_reg[1]/C
Min Period        n/a     FDCE/C   n/a            1.000         10.000      9.000      SLICE_X1Y3     u_core/bit_index_reg[2]/C
Min Period        n/a     FDCE/C   n/a            1.000         10.000      9.000      SLICE_X3Y3     u_core/bit_index_reg[3]/C
Min Period        n/a     FDCE/C   n/a            1.000         10.000      9.000      SLICE_X0Y3     u_core/bit_phase_reg[0]/C
Min Period        n/a     FDCE/C   n/a            1.000         10.000      9.000      SLICE_X0Y3     u_core/bit_phase_reg[1]/C
Min Period        n/a     FDCE/C   n/a            1.000         10.000      9.000      SLICE_X2Y6     u_core/bus_free_counter_reg[0]/C
Min Period        n/a     FDCE/C   n/a            1.000         10.000      9.000      SLICE_X2Y6     u_core/bus_free_counter_reg[1]/C
Min Period        n/a     FDCE/C   n/a            1.000         10.000      9.000      SLICE_X2Y6     u_core/bus_free_counter_reg[2]/C
Min Period        n/a     FDCE/C   n/a            1.000         10.000      9.000      SLICE_X2Y6     u_core/bus_free_counter_reg[3]/C
Min Period        n/a     FDCE/C   n/a            1.000         10.000      9.000      SLICE_X2Y6     u_core/bus_free_counter_reg[4]/C
Min Period        n/a     FDCE/C   n/a            1.000         10.000      9.000      SLICE_X3Y6     u_core/bus_free_counter_reg[5]/C
Min Period        n/a     FDCE/C   n/a            1.000         10.000      9.000      SLICE_X3Y6     u_core/bus_free_counter_reg[6]/C
Min Period        n/a     FDCE/C   n/a            1.000         10.000      9.000      SLICE_X2Y6     u_core/bus_free_counter_reg[7]/C
Min Period        n/a     FDCE/C   n/a            1.000         10.000      9.000      SLICE_X2Y6     u_core/bus_free_counter_reg[8]/C
Low Pulse Width   Slow    FDCE/C   n/a            0.500         5.000       4.500      SLICE_X2Y3     u_core/FSM_sequential_state_reg[0]/C
Low Pulse Width   Fast    FDCE/C   n/a            0.500         5.000       4.500      SLICE_X2Y3     u_core/FSM_sequential_state_reg[0]/C
Low Pulse Width   Slow    FDCE/C   n/a            0.500         5.000       4.500      SLICE_X1Y4     u_core/FSM_sequential_state_reg[1]/C
Low Pulse Width   Fast    FDCE/C   n/a            0.500         5.000       4.500      SLICE_X1Y4     u_core/FSM_sequential_state_reg[1]/C
Low Pulse Width   Slow    FDCE/C   n/a            0.500         5.000       4.500      SLICE_X3Y5     u_core/FSM_sequential_state_reg[2]/C
Low Pulse Width   Fast    FDCE/C   n/a            0.500         5.000       4.500      SLICE_X3Y5     u_core/FSM_sequential_state_reg[2]/C
Low Pulse Width   Slow    FDCE/C   n/a            0.500         5.000       4.500      SLICE_X3Y5     u_core/FSM_sequential_state_reg[3]/C
Low Pulse Width   Fast    FDCE/C   n/a            0.500         5.000       4.500      SLICE_X3Y5     u_core/FSM_sequential_state_reg[3]/C
Low Pulse Width   Slow    FDCE/C   n/a            0.500         5.000       4.500      SLICE_X3Y4     u_core/bit_index_reg[0]/C
Low Pulse Width   Fast    FDCE/C   n/a            0.500         5.000       4.500      SLICE_X3Y4     u_core/bit_index_reg[0]/C
Low Pulse Width   Slow    FDCE/C   n/a            0.500         5.000       4.500      SLICE_X1Y3     u_core/bit_index_reg[1]/C
Low Pulse Width   Fast    FDCE/C   n/a            0.500         5.000       4.500      SLICE_X1Y3     u_core/bit_index_reg[1]/C
Low Pulse Width   Slow    FDCE/C   n/a            0.500         5.000       4.500      SLICE_X1Y3     u_core/bit_index_reg[2]/C
Low Pulse Width   Fast    FDCE/C   n/a            0.500         5.000       4.500      SLICE_X1Y3     u_core/bit_index_reg[2]/C
Low Pulse Width   Slow    FDCE/C   n/a            0.500         5.000       4.500      SLICE_X3Y3     u_core/bit_index_reg[3]/C
Low Pulse Width   Fast    FDCE/C   n/a            0.500         5.000       4.500      SLICE_X3Y3     u_core/bit_index_reg[3]/C
Low Pulse Width   Slow    FDCE/C   n/a            0.500         5.000       4.500      SLICE_X0Y3     u_core/bit_phase_reg[0]/C
Low Pulse Width   Fast    FDCE/C   n/a            0.500         5.000       4.500      SLICE_X0Y3     u_core/bit_phase_reg[0]/C
Low Pulse Width   Slow    FDCE/C   n/a            0.500         5.000       4.500      SLICE_X0Y3     u_core/bit_phase_reg[1]/C
Low Pulse Width   Fast    FDCE/C   n/a            0.500         5.000       4.500      SLICE_X0Y3     u_core/bit_phase_reg[1]/C
High Pulse Width  Slow    FDCE/C   n/a            0.500         5.000       4.500      SLICE_X2Y3     u_core/FSM_sequential_state_reg[0]/C
High Pulse Width  Fast    FDCE/C   n/a            0.500         5.000       4.500      SLICE_X2Y3     u_core/FSM_sequential_state_reg[0]/C
High Pulse Width  Slow    FDCE/C   n/a            0.500         5.000       4.500      SLICE_X1Y4     u_core/FSM_sequential_state_reg[1]/C
High Pulse Width  Fast    FDCE/C   n/a            0.500         5.000       4.500      SLICE_X1Y4     u_core/FSM_sequential_state_reg[1]/C
High Pulse Width  Slow    FDCE/C   n/a            0.500         5.000       4.500      SLICE_X3Y5     u_core/FSM_sequential_state_reg[2]/C
High Pulse Width  Fast    FDCE/C   n/a            0.500         5.000       4.500      SLICE_X3Y5     u_core/FSM_sequential_state_reg[2]/C
High Pulse Width  Slow    FDCE/C   n/a            0.500         5.000       4.500      SLICE_X3Y5     u_core/FSM_sequential_state_reg[3]/C
High Pulse Width  Fast    FDCE/C   n/a            0.500         5.000       4.500      SLICE_X3Y5     u_core/FSM_sequential_state_reg[3]/C
High Pulse Width  Slow    FDCE/C   n/a            0.500         5.000       4.500      SLICE_X3Y4     u_core/bit_index_reg[0]/C
High Pulse Width  Fast    FDCE/C   n/a            0.500         5.000       4.500      SLICE_X3Y4     u_core/bit_index_reg[0]/C
High Pulse Width  Slow    FDCE/C   n/a            0.500         5.000       4.500      SLICE_X1Y3     u_core/bit_index_reg[1]/C
High Pulse Width  Fast    FDCE/C   n/a            0.500         5.000       4.500      SLICE_X1Y3     u_core/bit_index_reg[1]/C
High Pulse Width  Slow    FDCE/C   n/a            0.500         5.000       4.500      SLICE_X1Y3     u_core/bit_index_reg[2]/C
High Pulse Width  Fast    FDCE/C   n/a            0.500         5.000       4.500      SLICE_X1Y3     u_core/bit_index_reg[2]/C
High Pulse Width  Slow    FDCE/C   n/a            0.500         5.000       4.500      SLICE_X3Y3     u_core/bit_index_reg[3]/C
High Pulse Width  Fast    FDCE/C   n/a            0.500         5.000       4.500      SLICE_X3Y3     u_core/bit_index_reg[3]/C
High Pulse Width  Slow    FDCE/C   n/a            0.500         5.000       4.500      SLICE_X0Y3     u_core/bit_phase_reg[0]/C
High Pulse Width  Fast    FDCE/C   n/a            0.500         5.000       4.500      SLICE_X0Y3     u_core/bit_phase_reg[0]/C
High Pulse Width  Slow    FDCE/C   n/a            0.500         5.000       4.500      SLICE_X0Y3     u_core/bit_phase_reg[1]/C
High Pulse Width  Fast    FDCE/C   n/a            0.500         5.000       4.500      SLICE_X0Y3     u_core/bit_phase_reg[1]/C



--------------------------------------------------------------------------------------
Path Group:  (none)
From Clock:  sys_clk
  To Clock:  

Max Delay            19 Endpoints
Min Delay             0 Endpoints
--------------------------------------------------------------------------------------


Max Delay Paths
--------------------------------------------------------------------------------------
Slack:                    inf
  Source:                 u_core/bus_free_counter_reg[1]/C
                            (rising edge-triggered cell FDCE clocked by sys_clk  {rise@0.000ns fall@5.000ns period=10.000ns})
  Destination:            cmd_ready
                            (output port)
  Path Group:             (none)
  Path Type:              Max at Slow Process Corner
  Data Path Delay:        8.001ns  (logic 3.622ns (45.267%)  route 4.379ns (54.733%))
  Logic Levels:           4  (LUT4=1 LUT5=1 LUT6=1 OBUF=1)
  Clock Uncertainty:      0.025ns  ((TSJ^2 + TIJ^2)^1/2 + DJ) / 2 + PE
    Total System Jitter     (TSJ):    0.050ns
    Total Input Jitter      (TIJ):    0.000ns
    Discrete Jitter          (DJ):    0.000ns
    Phase Error              (PE):    0.000ns

    Location             Delay type                Incr(ns)  Path(ns)    Netlist Resource(s)
  -------------------------------------------------------------------    -------------------
                         (clock sys_clk rise edge)    0.000     0.000 r  
    M18                                               0.000     0.000 r  clk (IN)
                         net (fo=0)                   0.000     0.000    clk
    M18                  IBUF (Prop_ibuf_I_O)         0.938     0.938 r  clk_IBUF_inst/O
                         net (fo=1, routed)           1.972     2.910    clk_IBUF
    BUFGCTRL_X0Y0        BUFG (Prop_bufg_I_O)         0.096     3.006 r  clk_IBUF_BUFG_inst/O
                         net (fo=144, routed)         1.638     4.644    u_core/clk_IBUF_BUFG
    SLICE_X2Y6           FDCE                                         r  u_core/bus_free_counter_reg[1]/C
  -------------------------------------------------------------------    -------------------
    SLICE_X2Y6           FDCE (Prop_fdce_C_Q)         0.478     5.122 r  u_core/bus_free_counter_reg[1]/Q
                         net (fo=7, routed)           0.690     5.811    u_core/bus_free_counter[1]
    SLICE_X3Y6           LUT5 (Prop_lut5_I3_O)        0.295     6.106 f  u_core/cmd_ready_OBUF_inst_i_3/O
                         net (fo=3, routed)           0.579     6.685    u_core/cmd_ready_OBUF_inst_i_3_n_0
    SLICE_X2Y5           LUT4 (Prop_lut4_I0_O)        0.124     6.809 f  u_core/cmd_ready_OBUF_inst_i_2/O
                         net (fo=2, routed)           1.259     8.069    u_core/cmd_ready_OBUF_inst_i_2_n_0
    SLICE_X1Y5           LUT6 (Prop_lut6_I5_O)        0.124     8.193 r  u_core/cmd_ready_OBUF_inst_i_1/O
                         net (fo=1, routed)           1.851    10.044    cmd_ready_OBUF
    V17                  OBUF (Prop_obuf_I_O)         2.601    12.645 r  cmd_ready_OBUF_inst/O
                         net (fo=0)                   0.000    12.645    cmd_ready
    V17                                                               r  cmd_ready (OUT)
  -------------------------------------------------------------------    -------------------

Slack:                    inf
  Source:                 u_core/sda_drive_low_reg/C
                            (rising edge-triggered cell FDCE clocked by sys_clk  {rise@0.000ns fall@5.000ns period=10.000ns})
  Destination:            sda_drive_low
                            (output port)
  Path Group:             (none)
  Path Type:              Max at Slow Process Corner
  Data Path Delay:        6.448ns  (logic 3.182ns (49.342%)  route 3.266ns (50.658%))
  Logic Levels:           2  (LUT2=1 OBUF=1)
  Clock Uncertainty:      0.025ns  ((TSJ^2 + TIJ^2)^1/2 + DJ) / 2 + PE
    Total System Jitter     (TSJ):    0.050ns
    Total Input Jitter      (TIJ):    0.000ns
    Discrete Jitter          (DJ):    0.000ns
    Phase Error              (PE):    0.000ns

    Location             Delay type                Incr(ns)  Path(ns)    Netlist Resource(s)
  -------------------------------------------------------------------    -------------------
                         (clock sys_clk rise edge)    0.000     0.000 r  
    M18                                               0.000     0.000 r  clk (IN)
                         net (fo=0)                   0.000     0.000    clk
    M18                  IBUF (Prop_ibuf_I_O)         0.938     0.938 r  clk_IBUF_inst/O
                         net (fo=1, routed)           1.972     2.910    clk_IBUF
    BUFGCTRL_X0Y0        BUFG (Prop_bufg_I_O)         0.096     3.006 r  clk_IBUF_BUFG_inst/O
                         net (fo=144, routed)         1.635     4.641    u_core/clk_IBUF_BUFG
    SLICE_X4Y3           FDCE                                         r  u_core/sda_drive_low_reg/C
  -------------------------------------------------------------------    -------------------
    SLICE_X4Y3           FDCE (Prop_fdce_C_Q)         0.456     5.097 r  u_core/sda_drive_low_reg/Q
                         net (fo=1, routed)           1.018     6.115    u_core/core_sda_drive_low
    SLICE_X5Y3           LUT2 (Prop_lut2_I0_O)        0.124     6.239 r  u_core/sda_drive_low_OBUF_inst_i_1/O
                         net (fo=1, routed)           2.249     8.487    sda_drive_low_OBUF
    W18                  OBUF (Prop_obuf_I_O)         2.602    11.089 r  sda_drive_low_OBUF_inst/O
                         net (fo=0)                   0.000    11.089    sda_drive_low
    W18                                                               r  sda_drive_low (OUT)
  -------------------------------------------------------------------    -------------------

Slack:                    inf
  Source:                 u_fault_manager/recovery_owns_bus_reg/C
                            (rising edge-triggered cell FDCE clocked by sys_clk  {rise@0.000ns fall@5.000ns period=10.000ns})
  Destination:            scl_drive_low
                            (output port)
  Path Group:             (none)
  Path Type:              Max at Slow Process Corner
  Data Path Delay:        6.351ns  (logic 3.475ns (54.717%)  route 2.876ns (45.283%))
  Logic Levels:           2  (LUT3=1 OBUF=1)
  Clock Uncertainty:      0.025ns  ((TSJ^2 + TIJ^2)^1/2 + DJ) / 2 + PE
    Total System Jitter     (TSJ):    0.050ns
    Total Input Jitter      (TIJ):    0.000ns
    Discrete Jitter          (DJ):    0.000ns
    Phase Error              (PE):    0.000ns

    Location             Delay type                Incr(ns)  Path(ns)    Netlist Resource(s)
  -------------------------------------------------------------------    -------------------
                         (clock sys_clk rise edge)    0.000     0.000 r  
    M18                                               0.000     0.000 r  clk (IN)
                         net (fo=0)                   0.000     0.000    clk
    M18                  IBUF (Prop_ibuf_I_O)         0.938     0.938 r  clk_IBUF_inst/O
                         net (fo=1, routed)           1.972     2.910    clk_IBUF
    BUFGCTRL_X0Y0        BUFG (Prop_bufg_I_O)         0.096     3.006 r  clk_IBUF_BUFG_inst/O
                         net (fo=144, routed)         1.635     4.641    u_fault_manager/clk_IBUF_BUFG
    SLICE_X6Y3           FDCE                                         r  u_fault_manager/recovery_owns_bus_reg/C
  -------------------------------------------------------------------    -------------------
    SLICE_X6Y3           FDCE (Prop_fdce_C_Q)         0.518     5.159 r  u_fault_manager/recovery_owns_bus_reg/Q
                         net (fo=2, routed)           0.791     5.950    u_fault_manager/manager_recovery_owns_bus
    SLICE_X5Y3           LUT3 (Prop_lut3_I1_O)        0.150     6.100 r  u_fault_manager/scl_drive_low_OBUF_inst_i_1/O
                         net (fo=1, routed)           2.085     8.185    scl_drive_low_OBUF
    W19                  OBUF (Prop_obuf_I_O)         2.807    10.992 r  scl_drive_low_OBUF_inst/O
                         net (fo=0)                   0.000    10.992    scl_drive_low
    W19                                                               r  scl_drive_low (OUT)
  -------------------------------------------------------------------    -------------------

Slack:                    inf
  Source:                 u_fault_manager/fault_busy_hold_reg/C
                            (rising edge-triggered cell FDCE clocked by sys_clk  {rise@0.000ns fall@5.000ns period=10.000ns})
  Destination:            busy
                            (output port)
  Path Group:             (none)
  Path Type:              Max at Slow Process Corner
  Data Path Delay:        6.244ns  (logic 3.192ns (51.114%)  route 3.053ns (48.886%))
  Logic Levels:           2  (LUT2=1 OBUF=1)
  Clock Uncertainty:      0.025ns  ((TSJ^2 + TIJ^2)^1/2 + DJ) / 2 + PE
    Total System Jitter     (TSJ):    0.050ns
    Total Input Jitter      (TIJ):    0.000ns
    Discrete Jitter          (DJ):    0.000ns
    Phase Error              (PE):    0.000ns

    Location             Delay type                Incr(ns)  Path(ns)    Netlist Resource(s)
  -------------------------------------------------------------------    -------------------
                         (clock sys_clk rise edge)    0.000     0.000 r  
    M18                                               0.000     0.000 r  clk (IN)
                         net (fo=0)                   0.000     0.000    clk
    M18                  IBUF (Prop_ibuf_I_O)         0.938     0.938 r  clk_IBUF_inst/O
                         net (fo=1, routed)           1.972     2.910    clk_IBUF
    BUFGCTRL_X0Y0        BUFG (Prop_bufg_I_O)         0.096     3.006 r  clk_IBUF_BUFG_inst/O
                         net (fo=144, routed)         1.569     4.575    u_fault_manager/clk_IBUF_BUFG
    SLICE_X9Y4           FDCE                                         r  u_fault_manager/fault_busy_hold_reg/C
  -------------------------------------------------------------------    -------------------
    SLICE_X9Y4           FDCE (Prop_fdce_C_Q)         0.456     5.031 r  u_fault_manager/fault_busy_hold_reg/Q
                         net (fo=2, routed)           1.033     6.064    u_core/manager_fault_busy_hold
    SLICE_X7Y3           LUT2 (Prop_lut2_I1_O)        0.124     6.188 r  u_core/busy_OBUF_inst_i_1/O
                         net (fo=1, routed)           2.020     8.207    busy_OBUF
    W16                  OBUF (Prop_obuf_I_O)         2.612    10.819 r  busy_OBUF_inst/O
                         net (fo=0)                   0.000    10.819    busy
    W16                                                               r  busy (OUT)
  -------------------------------------------------------------------    -------------------

Slack:                    inf
  Source:                 u_fault_manager/fault_done_pulse_reg/C
                            (rising edge-triggered cell FDCE clocked by sys_clk  {rise@0.000ns fall@5.000ns period=10.000ns})
  Destination:            done
                            (output port)
  Path Group:             (none)
  Path Type:              Max at Slow Process Corner
  Data Path Delay:        6.242ns  (logic 3.422ns (54.822%)  route 2.820ns (45.178%))
  Logic Levels:           2  (LUT2=1 OBUF=1)
  Clock Uncertainty:      0.025ns  ((TSJ^2 + TIJ^2)^1/2 + DJ) / 2 + PE
    Total System Jitter     (TSJ):    0.050ns
    Total Input Jitter      (TIJ):    0.000ns
    Discrete Jitter          (DJ):    0.000ns
    Phase Error              (PE):    0.000ns

    Location             Delay type                Incr(ns)  Path(ns)    Netlist Resource(s)
  -------------------------------------------------------------------    -------------------
                         (clock sys_clk rise edge)    0.000     0.000 r  
    M18                                               0.000     0.000 r  clk (IN)
                         net (fo=0)                   0.000     0.000    clk
    M18                  IBUF (Prop_ibuf_I_O)         0.938     0.938 r  clk_IBUF_inst/O
                         net (fo=1, routed)           1.972     2.910    clk_IBUF
    BUFGCTRL_X0Y0        BUFG (Prop_bufg_I_O)         0.096     3.006 r  clk_IBUF_BUFG_inst/O
                         net (fo=144, routed)         1.569     4.575    u_fault_manager/clk_IBUF_BUFG
    SLICE_X9Y3           FDCE                                         r  u_fault_manager/fault_done_pulse_reg/C
  -------------------------------------------------------------------    -------------------
    SLICE_X9Y3           FDCE (Prop_fdce_C_Q)         0.456     5.031 r  u_fault_manager/fault_done_pulse_reg/Q
                         net (fo=1, routed)           0.907     5.938    u_core/manager_fault_done_pulse
    SLICE_X7Y3           LUT2 (Prop_lut2_I1_O)        0.149     6.087 r  u_core/done_OBUF_inst_i_1/O
                         net (fo=1, routed)           1.913     8.000    done_OBUF
    V16                  OBUF (Prop_obuf_I_O)         2.817    10.817 r  done_OBUF_inst/O
                         net (fo=0)                   0.000    10.817    done
    V16                                                               r  done (OUT)
  -------------------------------------------------------------------    -------------------

Slack:                    inf
  Source:                 u_fault_manager/recovery_failed_reg/C
                            (rising edge-triggered cell FDCE clocked by sys_clk  {rise@0.000ns fall@5.000ns period=10.000ns})
  Destination:            recovery_failed
                            (output port)
  Path Group:             (none)
  Path Type:              Max at Slow Process Corner
  Data Path Delay:        5.456ns  (logic 3.117ns (57.126%)  route 2.339ns (42.874%))
  Logic Levels:           1  (OBUF=1)
  Clock Uncertainty:      0.025ns  ((TSJ^2 + TIJ^2)^1/2 + DJ) / 2 + PE
    Total System Jitter     (TSJ):    0.050ns
    Total Input Jitter      (TIJ):    0.000ns
    Discrete Jitter          (DJ):    0.000ns
    Phase Error              (PE):    0.000ns

    Location             Delay type                Incr(ns)  Path(ns)    Netlist Resource(s)
  -------------------------------------------------------------------    -------------------
                         (clock sys_clk rise edge)    0.000     0.000 r  
    M18                                               0.000     0.000 r  clk (IN)
                         net (fo=0)                   0.000     0.000    clk
    M18                  IBUF (Prop_ibuf_I_O)         0.938     0.938 r  clk_IBUF_inst/O
                         net (fo=1, routed)           1.972     2.910    clk_IBUF
    BUFGCTRL_X0Y0        BUFG (Prop_bufg_I_O)         0.096     3.006 r  clk_IBUF_BUFG_inst/O
                         net (fo=144, routed)         1.569     4.575    u_fault_manager/clk_IBUF_BUFG
    SLICE_X8Y3           FDCE                                         r  u_fault_manager/recovery_failed_reg/C
  -------------------------------------------------------------------    -------------------
    SLICE_X8Y3           FDCE (Prop_fdce_C_Q)         0.518     5.093 r  u_fault_manager/recovery_failed_reg/Q
                         net (fo=1, routed)           2.339     7.432    recovery_failed_OBUF
    T17                  OBUF (Prop_obuf_I_O)         2.599    10.031 r  recovery_failed_OBUF_inst/O
                         net (fo=0)                   0.000    10.031    recovery_failed
    T17                                                               r  recovery_failed (OUT)
  -------------------------------------------------------------------    -------------------

Slack:                    inf
  Source:                 u_fault_manager/recovery_active_reg/C
                            (rising edge-triggered cell FDCE clocked by sys_clk  {rise@0.000ns fall@5.000ns period=10.000ns})
  Destination:            recovery_active
                            (output port)
  Path Group:             (none)
  Path Type:              Max at Slow Process Corner
  Data Path Delay:        5.422ns  (logic 3.120ns (57.531%)  route 2.303ns (42.469%))
  Logic Levels:           1  (OBUF=1)
  Clock Uncertainty:      0.025ns  ((TSJ^2 + TIJ^2)^1/2 + DJ) / 2 + PE
    Total System Jitter     (TSJ):    0.050ns
    Total Input Jitter      (TIJ):    0.000ns
    Discrete Jitter          (DJ):    0.000ns
    Phase Error              (PE):    0.000ns

    Location             Delay type                Incr(ns)  Path(ns)    Netlist Resource(s)
  -------------------------------------------------------------------    -------------------
                         (clock sys_clk rise edge)    0.000     0.000 r  
    M18                                               0.000     0.000 r  clk (IN)
                         net (fo=0)                   0.000     0.000    clk
    M18                  IBUF (Prop_ibuf_I_O)         0.938     0.938 r  clk_IBUF_inst/O
                         net (fo=1, routed)           1.972     2.910    clk_IBUF
    BUFGCTRL_X0Y0        BUFG (Prop_bufg_I_O)         0.096     3.006 r  clk_IBUF_BUFG_inst/O
                         net (fo=144, routed)         1.569     4.575    u_fault_manager/clk_IBUF_BUFG
    SLICE_X10Y5          FDCE                                         r  u_fault_manager/recovery_active_reg/C
  -------------------------------------------------------------------    -------------------
    SLICE_X10Y5          FDCE (Prop_fdce_C_Q)         0.518     5.093 r  u_fault_manager/recovery_active_reg/Q
                         net (fo=1, routed)           2.303     7.396    recovery_active_OBUF
    T18                  OBUF (Prop_obuf_I_O)         2.602     9.997 r  recovery_active_OBUF_inst/O
                         net (fo=0)                   0.000     9.997    recovery_active
    T18                                                               r  recovery_active (OUT)
  -------------------------------------------------------------------    -------------------

Slack:                    inf
  Source:                 u_fault_manager/fault_code_reg[0]/C
                            (rising edge-triggered cell FDCE clocked by sys_clk  {rise@0.000ns fall@5.000ns period=10.000ns})
  Destination:            fault_code[0]
                            (output port)
  Path Group:             (none)
  Path Type:              Max at Slow Process Corner
  Data Path Delay:        5.265ns  (logic 3.263ns (61.969%)  route 2.002ns (38.031%))
  Logic Levels:           1  (OBUF=1)
  Clock Uncertainty:      0.025ns  ((TSJ^2 + TIJ^2)^1/2 + DJ) / 2 + PE
    Total System Jitter     (TSJ):    0.050ns
    Total Input Jitter      (TIJ):    0.000ns
    Discrete Jitter          (DJ):    0.000ns
    Phase Error              (PE):    0.000ns

    Location             Delay type                Incr(ns)  Path(ns)    Netlist Resource(s)
  -------------------------------------------------------------------    -------------------
                         (clock sys_clk rise edge)    0.000     0.000 r  
    M18                                               0.000     0.000 r  clk (IN)
                         net (fo=0)                   0.000     0.000    clk
    M18                  IBUF (Prop_ibuf_I_O)         0.938     0.938 r  clk_IBUF_inst/O
                         net (fo=1, routed)           1.972     2.910    clk_IBUF
    BUFGCTRL_X0Y0        BUFG (Prop_bufg_I_O)         0.096     3.006 r  clk_IBUF_BUFG_inst/O
                         net (fo=144, routed)         1.569     4.575    u_fault_manager/clk_IBUF_BUFG
    SLICE_X8Y4           FDCE                                         r  u_fault_manager/fault_code_reg[0]/C
  -------------------------------------------------------------------    -------------------
    SLICE_X8Y4           FDCE (Prop_fdce_C_Q)         0.478     5.053 r  u_fault_manager/fault_code_reg[0]/Q
                         net (fo=1, routed)           2.002     7.055    fault_code_OBUF[0]
    V15                  OBUF (Prop_obuf_I_O)         2.785     9.840 r  fault_code_OBUF[0]_inst/O
                         net (fo=0)                   0.000     9.840    fault_code[0]
    V15                                                               r  fault_code[0] (OUT)
  -------------------------------------------------------------------    -------------------

Slack:                    inf
  Source:                 u_fault_manager/fault_active_reg/C
                            (rising edge-triggered cell FDCE clocked by sys_clk  {rise@0.000ns fall@5.000ns period=10.000ns})
  Destination:            fault_active
                            (output port)
  Path Group:             (none)
  Path Type:              Max at Slow Process Corner
  Data Path Delay:        5.252ns  (logic 3.107ns (59.161%)  route 2.145ns (40.839%))
  Logic Levels:           1  (OBUF=1)
  Clock Uncertainty:      0.025ns  ((TSJ^2 + TIJ^2)^1/2 + DJ) / 2 + PE
    Total System Jitter     (TSJ):    0.050ns
    Total Input Jitter      (TIJ):    0.000ns
    Discrete Jitter          (DJ):    0.000ns
    Phase Error              (PE):    0.000ns

    Location             Delay type                Incr(ns)  Path(ns)    Netlist Resource(s)
  -------------------------------------------------------------------    -------------------
                         (clock sys_clk rise edge)    0.000     0.000 r  
    M18                                               0.000     0.000 r  clk (IN)
                         net (fo=0)                   0.000     0.000    clk
    M18                  IBUF (Prop_ibuf_I_O)         0.938     0.938 r  clk_IBUF_inst/O
                         net (fo=1, routed)           1.972     2.910    clk_IBUF
    BUFGCTRL_X0Y0        BUFG (Prop_bufg_I_O)         0.096     3.006 r  clk_IBUF_BUFG_inst/O
                         net (fo=144, routed)         1.569     4.575    u_fault_manager/clk_IBUF_BUFG
    SLICE_X8Y4           FDCE                                         r  u_fault_manager/fault_active_reg/C
  -------------------------------------------------------------------    -------------------
    SLICE_X8Y4           FDCE (Prop_fdce_C_Q)         0.518     5.093 r  u_fault_manager/fault_active_reg/Q
                         net (fo=1, routed)           2.145     7.238    fault_active_OBUF
    U18                  OBUF (Prop_obuf_I_O)         2.589     9.827 r  fault_active_OBUF_inst/O
                         net (fo=0)                   0.000     9.827    fault_active
    U18                                                               r  fault_active (OUT)
  -------------------------------------------------------------------    -------------------

Slack:                    inf
  Source:                 u_core/read_data_reg[5]/C
                            (rising edge-triggered cell FDCE clocked by sys_clk  {rise@0.000ns fall@5.000ns period=10.000ns})
  Destination:            read_data[5]
                            (output port)
  Path Group:             (none)
  Path Type:              Max at Slow Process Corner
  Data Path Delay:        5.117ns  (logic 3.253ns (63.568%)  route 1.864ns (36.432%))
  Logic Levels:           1  (OBUF=1)
  Clock Uncertainty:      0.025ns  ((TSJ^2 + TIJ^2)^1/2 + DJ) / 2 + PE
    Total System Jitter     (TSJ):    0.050ns
    Total Input Jitter      (TIJ):    0.000ns
    Discrete Jitter          (DJ):    0.000ns
    Phase Error              (PE):    0.000ns

    Location             Delay type                Incr(ns)  Path(ns)    Netlist Resource(s)
  -------------------------------------------------------------------    -------------------
                         (clock sys_clk rise edge)    0.000     0.000 r  
    M18                                               0.000     0.000 r  clk (IN)
                         net (fo=0)                   0.000     0.000    clk
    M18                  IBUF (Prop_ibuf_I_O)         0.938     0.938 r  clk_IBUF_inst/O
                         net (fo=1, routed)           1.972     2.910    clk_IBUF
    BUFGCTRL_X0Y0        BUFG (Prop_bufg_I_O)         0.096     3.006 r  clk_IBUF_BUFG_inst/O
                         net (fo=144, routed)         1.639     4.645    u_core/clk_IBUF_BUFG
    SLICE_X2Y2           FDCE                                         r  u_core/read_data_reg[5]/C
  -------------------------------------------------------------------    -------------------
    SLICE_X2Y2           FDCE (Prop_fdce_C_Q)         0.478     5.123 r  u_core/read_data_reg[5]/Q
                         net (fo=1, routed)           1.864     6.987    read_data_OBUF[5]
    W14                  OBUF (Prop_obuf_I_O)         2.775     9.762 r  read_data_OBUF[5]_inst/O
                         net (fo=0)                   0.000     9.762    read_data[5]
    W14                                                               r  read_data[5] (OUT)
  -------------------------------------------------------------------    -------------------

Slack:                    inf
  Source:                 u_core/nack_reg/C
                            (rising edge-triggered cell FDCE clocked by sys_clk  {rise@0.000ns fall@5.000ns period=10.000ns})
  Destination:            nack
                            (output port)
  Path Group:             (none)
  Path Type:              Max at Slow Process Corner
  Data Path Delay:        5.053ns  (logic 3.118ns (61.711%)  route 1.935ns (38.289%))
  Logic Levels:           1  (OBUF=1)
  Clock Uncertainty:      0.025ns  ((TSJ^2 + TIJ^2)^1/2 + DJ) / 2 + PE
    Total System Jitter     (TSJ):    0.050ns
    Total Input Jitter      (TIJ):    0.000ns
    Discrete Jitter          (DJ):    0.000ns
    Phase Error              (PE):    0.000ns

    Location             Delay type                Incr(ns)  Path(ns)    Netlist Resource(s)
  -------------------------------------------------------------------    -------------------
                         (clock sys_clk rise edge)    0.000     0.000 r  
    M18                                               0.000     0.000 r  clk (IN)
                         net (fo=0)                   0.000     0.000    clk
    M18                  IBUF (Prop_ibuf_I_O)         0.938     0.938 r  clk_IBUF_inst/O
                         net (fo=1, routed)           1.972     2.910    clk_IBUF
    BUFGCTRL_X0Y0        BUFG (Prop_bufg_I_O)         0.096     3.006 r  clk_IBUF_BUFG_inst/O
                         net (fo=144, routed)         1.638     4.644    u_core/clk_IBUF_BUFG
    SLICE_X2Y4           FDCE                                         r  u_core/nack_reg/C
  -------------------------------------------------------------------    -------------------
    SLICE_X2Y4           FDCE (Prop_fdce_C_Q)         0.518     5.162 r  u_core/nack_reg/Q
                         net (fo=8, routed)           1.935     7.097    nack_OBUF
    U17                  OBUF (Prop_obuf_I_O)         2.600     9.697 r  nack_OBUF_inst/O
                         net (fo=0)                   0.000     9.697    nack
    U17                                                               r  nack (OUT)
  -------------------------------------------------------------------    -------------------

Slack:                    inf
  Source:                 u_fault_manager/fault_code_reg[1]/C
                            (rising edge-triggered cell FDCE clocked by sys_clk  {rise@0.000ns fall@5.000ns period=10.000ns})
  Destination:            fault_code[1]
                            (output port)
  Path Group:             (none)
  Path Type:              Max at Slow Process Corner
  Data Path Delay:        5.099ns  (logic 3.114ns (61.076%)  route 1.985ns (38.924%))
  Logic Levels:           1  (OBUF=1)
  Clock Uncertainty:      0.025ns  ((TSJ^2 + TIJ^2)^1/2 + DJ) / 2 + PE
    Total System Jitter     (TSJ):    0.050ns
    Total Input Jitter      (TIJ):    0.000ns
    Discrete Jitter          (DJ):    0.000ns
    Phase Error              (PE):    0.000ns

    Location             Delay type                Incr(ns)  Path(ns)    Netlist Resource(s)
  -------------------------------------------------------------------    -------------------
                         (clock sys_clk rise edge)    0.000     0.000 r  
    M18                                               0.000     0.000 r  clk (IN)
                         net (fo=0)                   0.000     0.000    clk
    M18                  IBUF (Prop_ibuf_I_O)         0.938     0.938 r  clk_IBUF_inst/O
                         net (fo=1, routed)           1.972     2.910    clk_IBUF
    BUFGCTRL_X0Y0        BUFG (Prop_bufg_I_O)         0.096     3.006 r  clk_IBUF_BUFG_inst/O
                         net (fo=144, routed)         1.569     4.575    u_fault_manager/clk_IBUF_BUFG
    SLICE_X8Y4           FDCE                                         r  u_fault_manager/fault_code_reg[1]/C
  -------------------------------------------------------------------    -------------------
    SLICE_X8Y4           FDCE (Prop_fdce_C_Q)         0.518     5.093 r  u_fault_manager/fault_code_reg[1]/Q
                         net (fo=1, routed)           1.985     7.078    fault_code_OBUF[1]
    W17                  OBUF (Prop_obuf_I_O)         2.596     9.674 r  fault_code_OBUF[1]_inst/O
                         net (fo=0)                   0.000     9.674    fault_code[1]
    W17                                                               r  fault_code[1] (OUT)
  -------------------------------------------------------------------    -------------------

Slack:                    inf
  Source:                 u_core/read_data_reg[7]/C
                            (rising edge-triggered cell FDCE clocked by sys_clk  {rise@0.000ns fall@5.000ns period=10.000ns})
  Destination:            read_data[7]
                            (output port)
  Path Group:             (none)
  Path Type:              Max at Slow Process Corner
  Data Path Delay:        4.982ns  (logic 3.117ns (62.553%)  route 1.866ns (37.447%))
  Logic Levels:           1  (OBUF=1)
  Clock Uncertainty:      0.025ns  ((TSJ^2 + TIJ^2)^1/2 + DJ) / 2 + PE
    Total System Jitter     (TSJ):    0.050ns
    Total Input Jitter      (TIJ):    0.000ns
    Discrete Jitter          (DJ):    0.000ns
    Phase Error              (PE):    0.000ns

    Location             Delay type                Incr(ns)  Path(ns)    Netlist Resource(s)
  -------------------------------------------------------------------    -------------------
                         (clock sys_clk rise edge)    0.000     0.000 r  
    M18                                               0.000     0.000 r  clk (IN)
                         net (fo=0)                   0.000     0.000    clk
    M18                  IBUF (Prop_ibuf_I_O)         0.938     0.938 r  clk_IBUF_inst/O
                         net (fo=1, routed)           1.972     2.910    clk_IBUF
    BUFGCTRL_X0Y0        BUFG (Prop_bufg_I_O)         0.096     3.006 r  clk_IBUF_BUFG_inst/O
                         net (fo=144, routed)         1.635     4.641    u_core/clk_IBUF_BUFG
    SLICE_X6Y4           FDCE                                         r  u_core/read_data_reg[7]/C
  -------------------------------------------------------------------    -------------------
    SLICE_X6Y4           FDCE (Prop_fdce_C_Q)         0.518     5.159 r  u_core/read_data_reg[7]/Q
                         net (fo=1, routed)           1.866     7.025    read_data_OBUF[7]
    W15                  OBUF (Prop_obuf_I_O)         2.599     9.623 r  read_data_OBUF[7]_inst/O
                         net (fo=0)                   0.000     9.623    read_data[7]
    W15                                                               r  read_data[7] (OUT)
  -------------------------------------------------------------------    -------------------

Slack:                    inf
  Source:                 u_core/read_data_reg[0]/C
                            (rising edge-triggered cell FDCE clocked by sys_clk  {rise@0.000ns fall@5.000ns period=10.000ns})
  Destination:            read_data[0]
                            (output port)
  Path Group:             (none)
  Path Type:              Max at Slow Process Corner
  Data Path Delay:        4.975ns  (logic 3.117ns (62.650%)  route 1.858ns (37.350%))
  Logic Levels:           1  (OBUF=1)
  Clock Uncertainty:      0.025ns  ((TSJ^2 + TIJ^2)^1/2 + DJ) / 2 + PE
    Total System Jitter     (TSJ):    0.050ns
    Total Input Jitter      (TIJ):    0.000ns
    Discrete Jitter          (DJ):    0.000ns
    Phase Error              (PE):    0.000ns

    Location             Delay type                Incr(ns)  Path(ns)    Netlist Resource(s)
  -------------------------------------------------------------------    -------------------
                         (clock sys_clk rise edge)    0.000     0.000 r  
    M18                                               0.000     0.000 r  clk (IN)
                         net (fo=0)                   0.000     0.000    clk
    M18                  IBUF (Prop_ibuf_I_O)         0.938     0.938 r  clk_IBUF_inst/O
                         net (fo=1, routed)           1.972     2.910    clk_IBUF
    BUFGCTRL_X0Y0        BUFG (Prop_bufg_I_O)         0.096     3.006 r  clk_IBUF_BUFG_inst/O
                         net (fo=144, routed)         1.639     4.645    u_core/clk_IBUF_BUFG
    SLICE_X2Y2           FDCE                                         r  u_core/read_data_reg[0]/C
  -------------------------------------------------------------------    -------------------
    SLICE_X2Y2           FDCE (Prop_fdce_C_Q)         0.518     5.163 r  u_core/read_data_reg[0]/Q
                         net (fo=1, routed)           1.858     7.021    read_data_OBUF[0]
    U14                  OBUF (Prop_obuf_I_O)         2.599     9.620 r  read_data_OBUF[0]_inst/O
                         net (fo=0)                   0.000     9.620    read_data[0]
    U14                                                               r  read_data[0] (OUT)
  -------------------------------------------------------------------    -------------------

Slack:                    inf
  Source:                 u_core/read_data_reg[6]/C
                            (rising edge-triggered cell FDCE clocked by sys_clk  {rise@0.000ns fall@5.000ns period=10.000ns})
  Destination:            read_data[6]
                            (output port)
  Path Group:             (none)
  Path Type:              Max at Slow Process Corner
  Data Path Delay:        4.971ns  (logic 3.125ns (62.854%)  route 1.847ns (37.146%))
  Logic Levels:           1  (OBUF=1)
  Clock Uncertainty:      0.025ns  ((TSJ^2 + TIJ^2)^1/2 + DJ) / 2 + PE
    Total System Jitter     (TSJ):    0.050ns
    Total Input Jitter      (TIJ):    0.000ns
    Discrete Jitter          (DJ):    0.000ns
    Phase Error              (PE):    0.000ns

    Location             Delay type                Incr(ns)  Path(ns)    Netlist Resource(s)
  -------------------------------------------------------------------    -------------------
                         (clock sys_clk rise edge)    0.000     0.000 r  
    M18                                               0.000     0.000 r  clk (IN)
                         net (fo=0)                   0.000     0.000    clk
    M18                  IBUF (Prop_ibuf_I_O)         0.938     0.938 r  clk_IBUF_inst/O
                         net (fo=1, routed)           1.972     2.910    clk_IBUF
    BUFGCTRL_X0Y0        BUFG (Prop_bufg_I_O)         0.096     3.006 r  clk_IBUF_BUFG_inst/O
                         net (fo=144, routed)         1.635     4.641    u_core/clk_IBUF_BUFG
    SLICE_X6Y4           FDCE                                         r  u_core/read_data_reg[6]/C
  -------------------------------------------------------------------    -------------------
    SLICE_X6Y4           FDCE (Prop_fdce_C_Q)         0.518     5.159 r  u_core/read_data_reg[6]/Q
                         net (fo=1, routed)           1.847     7.006    read_data_OBUF[6]
    W13                  OBUF (Prop_obuf_I_O)         2.607     9.612 r  read_data_OBUF[6]_inst/O
                         net (fo=0)                   0.000     9.612    read_data[6]
    W13                                                               r  read_data[6] (OUT)
  -------------------------------------------------------------------    -------------------

Slack:                    inf
  Source:                 u_core/read_data_reg[4]/C
                            (rising edge-triggered cell FDCE clocked by sys_clk  {rise@0.000ns fall@5.000ns period=10.000ns})
  Destination:            read_data[4]
                            (output port)
  Path Group:             (none)
  Path Type:              Max at Slow Process Corner
  Data Path Delay:        4.928ns  (logic 3.125ns (63.426%)  route 1.802ns (36.574%))
  Logic Levels:           1  (OBUF=1)
  Clock Uncertainty:      0.025ns  ((TSJ^2 + TIJ^2)^1/2 + DJ) / 2 + PE
    Total System Jitter     (TSJ):    0.050ns
    Total Input Jitter      (TIJ):    0.000ns
    Discrete Jitter          (DJ):    0.000ns
    Phase Error              (PE):    0.000ns

    Location             Delay type                Incr(ns)  Path(ns)    Netlist Resource(s)
  -------------------------------------------------------------------    -------------------
                         (clock sys_clk rise edge)    0.000     0.000 r  
    M18                                               0.000     0.000 r  clk (IN)
                         net (fo=0)                   0.000     0.000    clk
    M18                  IBUF (Prop_ibuf_I_O)         0.938     0.938 r  clk_IBUF_inst/O
                         net (fo=1, routed)           1.972     2.910    clk_IBUF
    BUFGCTRL_X0Y0        BUFG (Prop_bufg_I_O)         0.096     3.006 r  clk_IBUF_BUFG_inst/O
                         net (fo=144, routed)         1.639     4.645    u_core/clk_IBUF_BUFG
    SLICE_X2Y2           FDCE                                         r  u_core/read_data_reg[4]/C
  -------------------------------------------------------------------    -------------------
    SLICE_X2Y2           FDCE (Prop_fdce_C_Q)         0.518     5.163 r  u_core/read_data_reg[4]/Q
                         net (fo=1, routed)           1.802     6.965    read_data_OBUF[4]
    U15                  OBUF (Prop_obuf_I_O)         2.607     9.573 r  read_data_OBUF[4]_inst/O
                         net (fo=0)                   0.000     9.573    read_data[4]
    U15                                                               r  read_data[4] (OUT)
  -------------------------------------------------------------------    -------------------

Slack:                    inf
  Source:                 u_core/read_data_reg[3]/C
                            (rising edge-triggered cell FDCE clocked by sys_clk  {rise@0.000ns fall@5.000ns period=10.000ns})
  Destination:            read_data[3]
                            (output port)
  Path Group:             (none)
  Path Type:              Max at Slow Process Corner
  Data Path Delay:        4.918ns  (logic 3.116ns (63.355%)  route 1.802ns (36.645%))
  Logic Levels:           1  (OBUF=1)
  Clock Uncertainty:      0.025ns  ((TSJ^2 + TIJ^2)^1/2 + DJ) / 2 + PE
    Total System Jitter     (TSJ):    0.050ns
    Total Input Jitter      (TIJ):    0.000ns
    Discrete Jitter          (DJ):    0.000ns
    Phase Error              (PE):    0.000ns

    Location             Delay type                Incr(ns)  Path(ns)    Netlist Resource(s)
  -------------------------------------------------------------------    -------------------
                         (clock sys_clk rise edge)    0.000     0.000 r  
    M18                                               0.000     0.000 r  clk (IN)
                         net (fo=0)                   0.000     0.000    clk
    M18                  IBUF (Prop_ibuf_I_O)         0.938     0.938 r  clk_IBUF_inst/O
                         net (fo=1, routed)           1.972     2.910    clk_IBUF
    BUFGCTRL_X0Y0        BUFG (Prop_bufg_I_O)         0.096     3.006 r  clk_IBUF_BUFG_inst/O
                         net (fo=144, routed)         1.639     4.645    u_core/clk_IBUF_BUFG
    SLICE_X2Y2           FDCE                                         r  u_core/read_data_reg[3]/C
  -------------------------------------------------------------------    -------------------
    SLICE_X2Y2           FDCE (Prop_fdce_C_Q)         0.518     5.163 r  u_core/read_data_reg[3]/Q
                         net (fo=1, routed)           1.802     6.965    read_data_OBUF[3]
    U16                  OBUF (Prop_obuf_I_O)         2.598     9.563 r  read_data_OBUF[3]_inst/O
                         net (fo=0)                   0.000     9.563    read_data[3]
    U16                                                               r  read_data[3] (OUT)
  -------------------------------------------------------------------    -------------------

Slack:                    inf
  Source:                 u_core/read_data_reg[1]/C
                            (rising edge-triggered cell FDCE clocked by sys_clk  {rise@0.000ns fall@5.000ns period=10.000ns})
  Destination:            read_data[1]
                            (output port)
  Path Group:             (none)
  Path Type:              Max at Slow Process Corner
  Data Path Delay:        4.784ns  (logic 3.112ns (65.048%)  route 1.672ns (34.952%))
  Logic Levels:           1  (OBUF=1)
  Clock Uncertainty:      0.025ns  ((TSJ^2 + TIJ^2)^1/2 + DJ) / 2 + PE
    Total System Jitter     (TSJ):    0.050ns
    Total Input Jitter      (TIJ):    0.000ns
    Discrete Jitter          (DJ):    0.000ns
    Phase Error              (PE):    0.000ns

    Location             Delay type                Incr(ns)  Path(ns)    Netlist Resource(s)
  -------------------------------------------------------------------    -------------------
                         (clock sys_clk rise edge)    0.000     0.000 r  
    M18                                               0.000     0.000 r  clk (IN)
                         net (fo=0)                   0.000     0.000    clk
    M18                  IBUF (Prop_ibuf_I_O)         0.938     0.938 r  clk_IBUF_inst/O
                         net (fo=1, routed)           1.972     2.910    clk_IBUF
    BUFGCTRL_X0Y0        BUFG (Prop_bufg_I_O)         0.096     3.006 r  clk_IBUF_BUFG_inst/O
                         net (fo=144, routed)         1.639     4.645    u_core/clk_IBUF_BUFG
    SLICE_X2Y2           FDCE                                         r  u_core/read_data_reg[1]/C
  -------------------------------------------------------------------    -------------------
    SLICE_X2Y2           FDCE (Prop_fdce_C_Q)         0.518     5.163 r  u_core/read_data_reg[1]/Q
                         net (fo=1, routed)           1.672     6.835    read_data_OBUF[1]
    V14                  OBUF (Prop_obuf_I_O)         2.594     9.429 r  read_data_OBUF[1]_inst/O
                         net (fo=0)                   0.000     9.429    read_data[1]
    V14                                                               r  read_data[1] (OUT)
  -------------------------------------------------------------------    -------------------

Slack:                    inf
  Source:                 u_core/read_data_reg[2]/C
                            (rising edge-triggered cell FDCE clocked by sys_clk  {rise@0.000ns fall@5.000ns period=10.000ns})
  Destination:            read_data[2]
                            (output port)
  Path Group:             (none)
  Path Type:              Max at Slow Process Corner
  Data Path Delay:        4.721ns  (logic 3.053ns (64.663%)  route 1.668ns (35.337%))
  Logic Levels:           1  (OBUF=1)
  Clock Uncertainty:      0.025ns  ((TSJ^2 + TIJ^2)^1/2 + DJ) / 2 + PE
    Total System Jitter     (TSJ):    0.050ns
    Total Input Jitter      (TIJ):    0.000ns
    Discrete Jitter          (DJ):    0.000ns
    Phase Error              (PE):    0.000ns

    Location             Delay type                Incr(ns)  Path(ns)    Netlist Resource(s)
  -------------------------------------------------------------------    -------------------
                         (clock sys_clk rise edge)    0.000     0.000 r  
    M18                                               0.000     0.000 r  clk (IN)
                         net (fo=0)                   0.000     0.000    clk
    M18                  IBUF (Prop_ibuf_I_O)         0.938     0.938 r  clk_IBUF_inst/O
                         net (fo=1, routed)           1.972     2.910    clk_IBUF
    BUFGCTRL_X0Y0        BUFG (Prop_bufg_I_O)         0.096     3.006 r  clk_IBUF_BUFG_inst/O
                         net (fo=144, routed)         1.639     4.645    u_core/clk_IBUF_BUFG
    SLICE_X1Y1           FDCE                                         r  u_core/read_data_reg[2]/C
  -------------------------------------------------------------------    -------------------
    SLICE_X1Y1           FDCE (Prop_fdce_C_Q)         0.456     5.101 r  u_core/read_data_reg[2]/Q
                         net (fo=1, routed)           1.668     6.769    read_data_OBUF[2]
    V13                  OBUF (Prop_obuf_I_O)         2.597     9.366 r  read_data_OBUF[2]_inst/O
                         net (fo=0)                   0.000     9.366    read_data[2]
    V13                                                               r  read_data[2] (OUT)
  -------------------------------------------------------------------    -------------------





--------------------------------------------------------------------------------------
Path Group:  (none)
From Clock:  
  To Clock:  sys_clk

Max Delay           336 Endpoints
Min Delay             0 Endpoints
--------------------------------------------------------------------------------------


Max Delay Paths
--------------------------------------------------------------------------------------
Slack:                    inf
  Source:                 sda_in
                            (input port)
  Destination:            u_fault_manager/FSM_sequential_state_reg[0]/CE
                            (rising edge-triggered cell FDCE clocked by sys_clk  {rise@0.000ns fall@5.000ns period=10.000ns})
  Path Group:             (none)
  Path Type:              Setup (Max at Slow Process Corner)
  Data Path Delay:        6.938ns  (logic 1.455ns (20.976%)  route 5.483ns (79.024%))
  Logic Levels:           5  (IBUF=1 LUT2=1 LUT6=3)
  Clock Path Skew:        4.215ns (DCD - SCD + CPR)
    Destination Clock Delay (DCD):    4.215ns
    Source Clock Delay      (SCD):    0.000ns
    Clock Pessimism Removal (CPR):    0.000ns
  Clock Uncertainty:      0.025ns  ((TSJ^2 + TIJ^2)^1/2 + DJ) / 2 + PE
    Total System Jitter     (TSJ):    0.050ns
    Total Input Jitter      (TIJ):    0.000ns
    Discrete Jitter          (DJ):    0.000ns
    Phase Error              (PE):    0.000ns

    Location             Delay type                Incr(ns)  Path(ns)    Netlist Resource(s)
  -------------------------------------------------------------------    -------------------
    G17                                               0.000     0.000 f  sda_in (IN)
                         net (fo=0)                   0.000     0.000    sda_in
    G17                  IBUF (Prop_ibuf_I_O)         0.959     0.959 f  sda_in_IBUF_inst/O
                         net (fo=8, routed)           2.643     3.602    u_core/sda_in_IBUF
    SLICE_X3Y5           LUT2 (Prop_lut2_I0_O)        0.124     3.726 f  u_core/bus_free_counter[8]_i_4/O
                         net (fo=4, routed)           1.126     4.852    u_fault_manager/recovery_tbuf_counter[8]_i_5_0
    SLICE_X6Y1           LUT6 (Prop_lut6_I0_O)        0.124     4.976 r  u_fault_manager/FSM_sequential_state[4]_i_7/O
                         net (fo=2, routed)           0.820     5.796    u_fault_manager/u_fault_detector/FSM_sequential_state_reg[0]_1
    SLICE_X7Y2           LUT6 (Prop_lut6_I0_O)        0.124     5.920 r  u_fault_manager/u_fault_detector/FSM_sequential_state[4]_i_4/O
                         net (fo=1, routed)           0.263     6.183    u_fault_manager/u_fault_detector/FSM_sequential_state[4]_i_4_n_0
    SLICE_X7Y2           LUT6 (Prop_lut6_I4_O)        0.124     6.307 r  u_fault_manager/u_fault_detector/FSM_sequential_state[4]_i_1/O
                         net (fo=5, routed)           0.631     6.938    u_fault_manager/u_fault_detector_n_2
    SLICE_X9Y2           FDCE                                         r  u_fault_manager/FSM_sequential_state_reg[0]/CE
  -------------------------------------------------------------------    -------------------

                         (clock sys_clk rise edge)    0.000     0.000 r  
    M18                                               0.000     0.000 r  clk (IN)
                         net (fo=0)                   0.000     0.000    clk
    M18                  IBUF (Prop_ibuf_I_O)         0.805     0.805 r  clk_IBUF_inst/O
                         net (fo=1, routed)           1.868     2.673    clk_IBUF
    BUFGCTRL_X0Y0        BUFG (Prop_bufg_I_O)         0.091     2.764 r  clk_IBUF_BUFG_inst/O
                         net (fo=144, routed)         1.451     4.215    u_fault_manager/clk_IBUF_BUFG
    SLICE_X9Y2           FDCE                                         r  u_fault_manager/FSM_sequential_state_reg[0]/C

Slack:                    inf
  Source:                 sda_in
                            (input port)
  Destination:            u_fault_manager/FSM_sequential_state_reg[4]/CE
                            (rising edge-triggered cell FDCE clocked by sys_clk  {rise@0.000ns fall@5.000ns period=10.000ns})
  Path Group:             (none)
  Path Type:              Setup (Max at Slow Process Corner)
  Data Path Delay:        6.938ns  (logic 1.455ns (20.976%)  route 5.483ns (79.024%))
  Logic Levels:           5  (IBUF=1 LUT2=1 LUT6=3)
  Clock Path Skew:        4.215ns (DCD - SCD + CPR)
    Destination Clock Delay (DCD):    4.215ns
    Source Clock Delay      (SCD):    0.000ns
    Clock Pessimism Removal (CPR):    0.000ns
  Clock Uncertainty:      0.025ns  ((TSJ^2 + TIJ^2)^1/2 + DJ) / 2 + PE
    Total System Jitter     (TSJ):    0.050ns
    Total Input Jitter      (TIJ):    0.000ns
    Discrete Jitter          (DJ):    0.000ns
    Phase Error              (PE):    0.000ns

    Location             Delay type                Incr(ns)  Path(ns)    Netlist Resource(s)
  -------------------------------------------------------------------    -------------------
    G17                                               0.000     0.000 f  sda_in (IN)
                         net (fo=0)                   0.000     0.000    sda_in
    G17                  IBUF (Prop_ibuf_I_O)         0.959     0.959 f  sda_in_IBUF_inst/O
                         net (fo=8, routed)           2.643     3.602    u_core/sda_in_IBUF
    SLICE_X3Y5           LUT2 (Prop_lut2_I0_O)        0.124     3.726 f  u_core/bus_free_counter[8]_i_4/O
                         net (fo=4, routed)           1.126     4.852    u_fault_manager/recovery_tbuf_counter[8]_i_5_0
    SLICE_X6Y1           LUT6 (Prop_lut6_I0_O)        0.124     4.976 r  u_fault_manager/FSM_sequential_state[4]_i_7/O
                         net (fo=2, routed)           0.820     5.796    u_fault_manager/u_fault_detector/FSM_sequential_state_reg[0]_1
    SLICE_X7Y2           LUT6 (Prop_lut6_I0_O)        0.124     5.920 r  u_fault_manager/u_fault_detector/FSM_sequential_state[4]_i_4/O
                         net (fo=1, routed)           0.263     6.183    u_fault_manager/u_fault_detector/FSM_sequential_state[4]_i_4_n_0
    SLICE_X7Y2           LUT6 (Prop_lut6_I4_O)        0.124     6.307 r  u_fault_manager/u_fault_detector/FSM_sequential_state[4]_i_1/O
                         net (fo=5, routed)           0.631     6.938    u_fault_manager/u_fault_detector_n_2
    SLICE_X9Y2           FDCE                                         r  u_fault_manager/FSM_sequential_state_reg[4]/CE
  -------------------------------------------------------------------    -------------------

                         (clock sys_clk rise edge)    0.000     0.000 r  
    M18                                               0.000     0.000 r  clk (IN)
                         net (fo=0)                   0.000     0.000    clk
    M18                  IBUF (Prop_ibuf_I_O)         0.805     0.805 r  clk_IBUF_inst/O
                         net (fo=1, routed)           1.868     2.673    clk_IBUF
    BUFGCTRL_X0Y0        BUFG (Prop_bufg_I_O)         0.091     2.764 r  clk_IBUF_BUFG_inst/O
                         net (fo=144, routed)         1.451     4.215    u_fault_manager/clk_IBUF_BUFG
    SLICE_X9Y2           FDCE                                         r  u_fault_manager/FSM_sequential_state_reg[4]/C

Slack:                    inf
  Source:                 sda_in
                            (input port)
  Destination:            u_fault_manager/FSM_sequential_state_reg[1]/CE
                            (rising edge-triggered cell FDCE clocked by sys_clk  {rise@0.000ns fall@5.000ns period=10.000ns})
  Path Group:             (none)
  Path Type:              Setup (Max at Slow Process Corner)
  Data Path Delay:        6.889ns  (logic 1.455ns (21.126%)  route 5.433ns (78.874%))
  Logic Levels:           5  (IBUF=1 LUT2=1 LUT6=3)
  Clock Path Skew:        4.215ns (DCD - SCD + CPR)
    Destination Clock Delay (DCD):    4.215ns
    Source Clock Delay      (SCD):    0.000ns
    Clock Pessimism Removal (CPR):    0.000ns
  Clock Uncertainty:      0.025ns  ((TSJ^2 + TIJ^2)^1/2 + DJ) / 2 + PE
    Total System Jitter     (TSJ):    0.050ns
    Total Input Jitter      (TIJ):    0.000ns
    Discrete Jitter          (DJ):    0.000ns
    Phase Error              (PE):    0.000ns

    Location             Delay type                Incr(ns)  Path(ns)    Netlist Resource(s)
  -------------------------------------------------------------------    -------------------
    G17                                               0.000     0.000 f  sda_in (IN)
                         net (fo=0)                   0.000     0.000    sda_in
    G17                  IBUF (Prop_ibuf_I_O)         0.959     0.959 f  sda_in_IBUF_inst/O
                         net (fo=8, routed)           2.643     3.602    u_core/sda_in_IBUF
    SLICE_X3Y5           LUT2 (Prop_lut2_I0_O)        0.124     3.726 f  u_core/bus_free_counter[8]_i_4/O
                         net (fo=4, routed)           1.126     4.852    u_fault_manager/recovery_tbuf_counter[8]_i_5_0
    SLICE_X6Y1           LUT6 (Prop_lut6_I0_O)        0.124     4.976 r  u_fault_manager/FSM_sequential_state[4]_i_7/O
                         net (fo=2, routed)           0.820     5.796    u_fault_manager/u_fault_detector/FSM_sequential_state_reg[0]_1
    SLICE_X7Y2           LUT6 (Prop_lut6_I0_O)        0.124     5.920 r  u_fault_manager/u_fault_detector/FSM_sequential_state[4]_i_4/O
                         net (fo=1, routed)           0.263     6.183    u_fault_manager/u_fault_detector/FSM_sequential_state[4]_i_4_n_0
    SLICE_X7Y2           LUT6 (Prop_lut6_I4_O)        0.124     6.307 r  u_fault_manager/u_fault_detector/FSM_sequential_state[4]_i_1/O
                         net (fo=5, routed)           0.581     6.889    u_fault_manager/u_fault_detector_n_2
    SLICE_X8Y1           FDCE                                         r  u_fault_manager/FSM_sequential_state_reg[1]/CE
  -------------------------------------------------------------------    -------------------

                         (clock sys_clk rise edge)    0.000     0.000 r  
    M18                                               0.000     0.000 r  clk (IN)
                         net (fo=0)                   0.000     0.000    clk
    M18                  IBUF (Prop_ibuf_I_O)         0.805     0.805 r  clk_IBUF_inst/O
                         net (fo=1, routed)           1.868     2.673    clk_IBUF
    BUFGCTRL_X0Y0        BUFG (Prop_bufg_I_O)         0.091     2.764 r  clk_IBUF_BUFG_inst/O
                         net (fo=144, routed)         1.451     4.215    u_fault_manager/clk_IBUF_BUFG
    SLICE_X8Y1           FDCE                                         r  u_fault_manager/FSM_sequential_state_reg[1]/C

Slack:                    inf
  Source:                 sda_in
                            (input port)
  Destination:            u_fault_manager/FSM_sequential_state_reg[2]/CE
                            (rising edge-triggered cell FDCE clocked by sys_clk  {rise@0.000ns fall@5.000ns period=10.000ns})
  Path Group:             (none)
  Path Type:              Setup (Max at Slow Process Corner)
  Data Path Delay:        6.887ns  (logic 1.455ns (21.131%)  route 5.432ns (78.869%))
  Logic Levels:           5  (IBUF=1 LUT2=1 LUT6=3)
  Clock Path Skew:        4.215ns (DCD - SCD + CPR)
    Destination Clock Delay (DCD):    4.215ns
    Source Clock Delay      (SCD):    0.000ns
    Clock Pessimism Removal (CPR):    0.000ns
  Clock Uncertainty:      0.025ns  ((TSJ^2 + TIJ^2)^1/2 + DJ) / 2 + PE
    Total System Jitter     (TSJ):    0.050ns
    Total Input Jitter      (TIJ):    0.000ns
    Discrete Jitter          (DJ):    0.000ns
    Phase Error              (PE):    0.000ns

    Location             Delay type                Incr(ns)  Path(ns)    Netlist Resource(s)
  -------------------------------------------------------------------    -------------------
    G17                                               0.000     0.000 f  sda_in (IN)
                         net (fo=0)                   0.000     0.000    sda_in
    G17                  IBUF (Prop_ibuf_I_O)         0.959     0.959 f  sda_in_IBUF_inst/O
                         net (fo=8, routed)           2.643     3.602    u_core/sda_in_IBUF
    SLICE_X3Y5           LUT2 (Prop_lut2_I0_O)        0.124     3.726 f  u_core/bus_free_counter[8]_i_4/O
                         net (fo=4, routed)           1.126     4.852    u_fault_manager/recovery_tbuf_counter[8]_i_5_0
    SLICE_X6Y1           LUT6 (Prop_lut6_I0_O)        0.124     4.976 r  u_fault_manager/FSM_sequential_state[4]_i_7/O
                         net (fo=2, routed)           0.820     5.796    u_fault_manager/u_fault_detector/FSM_sequential_state_reg[0]_1
    SLICE_X7Y2           LUT6 (Prop_lut6_I0_O)        0.124     5.920 r  u_fault_manager/u_fault_detector/FSM_sequential_state[4]_i_4/O
                         net (fo=1, routed)           0.263     6.183    u_fault_manager/u_fault_detector/FSM_sequential_state[4]_i_4_n_0
    SLICE_X7Y2           LUT6 (Prop_lut6_I4_O)        0.124     6.307 r  u_fault_manager/u_fault_detector/FSM_sequential_state[4]_i_1/O
                         net (fo=5, routed)           0.580     6.887    u_fault_manager/u_fault_detector_n_2
    SLICE_X9Y1           FDCE                                         r  u_fault_manager/FSM_sequential_state_reg[2]/CE
  -------------------------------------------------------------------    -------------------

                         (clock sys_clk rise edge)    0.000     0.000 r  
    M18                                               0.000     0.000 r  clk (IN)
                         net (fo=0)                   0.000     0.000    clk
    M18                  IBUF (Prop_ibuf_I_O)         0.805     0.805 r  clk_IBUF_inst/O
                         net (fo=1, routed)           1.868     2.673    clk_IBUF
    BUFGCTRL_X0Y0        BUFG (Prop_bufg_I_O)         0.091     2.764 r  clk_IBUF_BUFG_inst/O
                         net (fo=144, routed)         1.451     4.215    u_fault_manager/clk_IBUF_BUFG
    SLICE_X9Y1           FDCE                                         r  u_fault_manager/FSM_sequential_state_reg[2]/C

Slack:                    inf
  Source:                 sda_in
                            (input port)
  Destination:            u_fault_manager/FSM_sequential_state_reg[3]/CE
                            (rising edge-triggered cell FDCE clocked by sys_clk  {rise@0.000ns fall@5.000ns period=10.000ns})
  Path Group:             (none)
  Path Type:              Setup (Max at Slow Process Corner)
  Data Path Delay:        6.887ns  (logic 1.455ns (21.131%)  route 5.432ns (78.869%))
  Logic Levels:           5  (IBUF=1 LUT2=1 LUT6=3)
  Clock Path Skew:        4.215ns (DCD - SCD + CPR)
    Destination Clock Delay (DCD):    4.215ns
    Source Clock Delay      (SCD):    0.000ns
    Clock Pessimism Removal (CPR):    0.000ns
  Clock Uncertainty:      0.025ns  ((TSJ^2 + TIJ^2)^1/2 + DJ) / 2 + PE
    Total System Jitter     (TSJ):    0.050ns
    Total Input Jitter      (TIJ):    0.000ns
    Discrete Jitter          (DJ):    0.000ns
    Phase Error              (PE):    0.000ns

    Location             Delay type                Incr(ns)  Path(ns)    Netlist Resource(s)
  -------------------------------------------------------------------    -------------------
    G17                                               0.000     0.000 f  sda_in (IN)
                         net (fo=0)                   0.000     0.000    sda_in
    G17                  IBUF (Prop_ibuf_I_O)         0.959     0.959 f  sda_in_IBUF_inst/O
                         net (fo=8, routed)           2.643     3.602    u_core/sda_in_IBUF
    SLICE_X3Y5           LUT2 (Prop_lut2_I0_O)        0.124     3.726 f  u_core/bus_free_counter[8]_i_4/O
                         net (fo=4, routed)           1.126     4.852    u_fault_manager/recovery_tbuf_counter[8]_i_5_0
    SLICE_X6Y1           LUT6 (Prop_lut6_I0_O)        0.124     4.976 r  u_fault_manager/FSM_sequential_state[4]_i_7/O
                         net (fo=2, routed)           0.820     5.796    u_fault_manager/u_fault_detector/FSM_sequential_state_reg[0]_1
    SLICE_X7Y2           LUT6 (Prop_lut6_I0_O)        0.124     5.920 r  u_fault_manager/u_fault_detector/FSM_sequential_state[4]_i_4/O
                         net (fo=1, routed)           0.263     6.183    u_fault_manager/u_fault_detector/FSM_sequential_state[4]_i_4_n_0
    SLICE_X7Y2           LUT6 (Prop_lut6_I4_O)        0.124     6.307 r  u_fault_manager/u_fault_detector/FSM_sequential_state[4]_i_1/O
                         net (fo=5, routed)           0.580     6.887    u_fault_manager/u_fault_detector_n_2
    SLICE_X9Y1           FDCE                                         r  u_fault_manager/FSM_sequential_state_reg[3]/CE
  -------------------------------------------------------------------    -------------------

                         (clock sys_clk rise edge)    0.000     0.000 r  
    M18                                               0.000     0.000 r  clk (IN)
                         net (fo=0)                   0.000     0.000    clk
    M18                  IBUF (Prop_ibuf_I_O)         0.805     0.805 r  clk_IBUF_inst/O
                         net (fo=1, routed)           1.868     2.673    clk_IBUF
    BUFGCTRL_X0Y0        BUFG (Prop_bufg_I_O)         0.091     2.764 r  clk_IBUF_BUFG_inst/O
                         net (fo=144, routed)         1.451     4.215    u_fault_manager/clk_IBUF_BUFG
    SLICE_X9Y1           FDCE                                         r  u_fault_manager/FSM_sequential_state_reg[3]/C

Slack:                    inf
  Source:                 sda_in
                            (input port)
  Destination:            u_core/sda_drive_low_reg/D
                            (rising edge-triggered cell FDCE clocked by sys_clk  {rise@0.000ns fall@5.000ns period=10.000ns})
  Path Group:             (none)
  Path Type:              Setup (Max at Slow Process Corner)
  Data Path Delay:        6.555ns  (logic 1.691ns (25.801%)  route 4.864ns (74.199%))
  Logic Levels:           5  (IBUF=1 LUT2=1 LUT5=1 LUT6=2)
  Clock Path Skew:        4.281ns (DCD - SCD + CPR)
    Destination Clock Delay (DCD):    4.281ns
    Source Clock Delay      (SCD):    0.000ns
    Clock Pessimism Removal (CPR):    0.000ns
  Clock Uncertainty:      0.025ns  ((TSJ^2 + TIJ^2)^1/2 + DJ) / 2 + PE
    Total System Jitter     (TSJ):    0.050ns
    Total Input Jitter      (TIJ):    0.000ns
    Discrete Jitter          (DJ):    0.000ns
    Phase Error              (PE):    0.000ns

    Location             Delay type                Incr(ns)  Path(ns)    Netlist Resource(s)
  -------------------------------------------------------------------    -------------------
    G17                                               0.000     0.000 r  sda_in (IN)
                         net (fo=0)                   0.000     0.000    sda_in
    G17                  IBUF (Prop_ibuf_I_O)         0.959     0.959 r  sda_in_IBUF_inst/O
                         net (fo=8, routed)           2.643     3.602    u_core/sda_in_IBUF
    SLICE_X3Y5           LUT2 (Prop_lut2_I0_O)        0.124     3.726 r  u_core/bus_free_counter[8]_i_4/O
                         net (fo=4, routed)           0.883     4.610    u_core/sda_in
    SLICE_X2Y5           LUT6 (Prop_lut6_I0_O)        0.124     4.734 r  u_core/FSM_sequential_state[3]_i_4/O
                         net (fo=8, routed)           1.030     5.764    u_core/FSM_sequential_state[3]_i_4_n_0
    SLICE_X3Y3           LUT5 (Prop_lut5_I0_O)        0.152     5.916 r  u_core/sda_drive_low_i_2/O
                         net (fo=1, routed)           0.307     6.223    u_core/sda_drive_low_i_2_n_0
    SLICE_X4Y3           LUT6 (Prop_lut6_I1_O)        0.332     6.555 r  u_core/sda_drive_low_i_1/O
                         net (fo=1, routed)           0.000     6.555    u_core/sda_drive_low4_out
    SLICE_X4Y3           FDCE                                         r  u_core/sda_drive_low_reg/D
  -------------------------------------------------------------------    -------------------

                         (clock sys_clk rise edge)    0.000     0.000 r  
    M18                                               0.000     0.000 r  clk (IN)
                         net (fo=0)                   0.000     0.000    clk
    M18                  IBUF (Prop_ibuf_I_O)         0.805     0.805 r  clk_IBUF_inst/O
                         net (fo=1, routed)           1.868     2.673    clk_IBUF
    BUFGCTRL_X0Y0        BUFG (Prop_bufg_I_O)         0.091     2.764 r  clk_IBUF_BUFG_inst/O
                         net (fo=144, routed)         1.517     4.281    u_core/clk_IBUF_BUFG
    SLICE_X4Y3           FDCE                                         r  u_core/sda_drive_low_reg/C

Slack:                    inf
  Source:                 scl_in
                            (input port)
  Destination:            u_core/rx_shift_reg[1]/D
                            (rising edge-triggered cell FDCE clocked by sys_clk  {rise@0.000ns fall@5.000ns period=10.000ns})
  Path Group:             (none)
  Path Type:              Setup (Max at Slow Process Corner)
  Data Path Delay:        6.503ns  (logic 1.436ns (22.084%)  route 5.067ns (77.916%))
  Logic Levels:           5  (IBUF=1 LUT2=1 LUT5=1 LUT6=2)
  Clock Path Skew:        4.282ns (DCD - SCD + CPR)
    Destination Clock Delay (DCD):    4.282ns
    Source Clock Delay      (SCD):    0.000ns
    Clock Pessimism Removal (CPR):    0.000ns
  Clock Uncertainty:      0.025ns  ((TSJ^2 + TIJ^2)^1/2 + DJ) / 2 + PE
    Total System Jitter     (TSJ):    0.050ns
    Total Input Jitter      (TIJ):    0.000ns
    Discrete Jitter          (DJ):    0.000ns
    Phase Error              (PE):    0.000ns

    Location             Delay type                Incr(ns)  Path(ns)    Netlist Resource(s)
  -------------------------------------------------------------------    -------------------
    K19                                               0.000     0.000 f  scl_in (IN)
                         net (fo=0)                   0.000     0.000    scl_in
    K19                  IBUF (Prop_ibuf_I_O)         0.940     0.940 f  scl_in_IBUF_inst/O
                         net (fo=26, routed)          2.810     3.751    u_core/scl_in_IBUF
    SLICE_X2Y4           LUT2 (Prop_lut2_I0_O)        0.124     3.875 f  u_core/rx_shift[7]_i_9/O
                         net (fo=1, routed)           0.688     4.563    u_core/rx_shift[7]_i_9_n_0
    SLICE_X3Y1           LUT6 (Prop_lut6_I3_O)        0.124     4.687 r  u_core/rx_shift[7]_i_7/O
                         net (fo=2, routed)           0.743     5.430    u_core/rx_shift[7]_i_7_n_0
    SLICE_X2Y1           LUT5 (Prop_lut5_I0_O)        0.124     5.554 r  u_core/rx_shift[3]_i_2/O
                         net (fo=4, routed)           0.825     6.379    u_core/rx_shift[3]_i_2_n_0
    SLICE_X4Y1           LUT6 (Prop_lut6_I3_O)        0.124     6.503 r  u_core/rx_shift[1]_i_1/O
                         net (fo=1, routed)           0.000     6.503    u_core/rx_shift[1]_i_1_n_0
    SLICE_X4Y1           FDCE                                         r  u_core/rx_shift_reg[1]/D
  -------------------------------------------------------------------    -------------------

                         (clock sys_clk rise edge)    0.000     0.000 r  
    M18                                               0.000     0.000 r  clk (IN)
                         net (fo=0)                   0.000     0.000    clk
    M18                  IBUF (Prop_ibuf_I_O)         0.805     0.805 r  clk_IBUF_inst/O
                         net (fo=1, routed)           1.868     2.673    clk_IBUF
    BUFGCTRL_X0Y0        BUFG (Prop_bufg_I_O)         0.091     2.764 r  clk_IBUF_BUFG_inst/O
                         net (fo=144, routed)         1.518     4.282    u_core/clk_IBUF_BUFG
    SLICE_X4Y1           FDCE                                         r  u_core/rx_shift_reg[1]/C

Slack:                    inf
  Source:                 scl_in
                            (input port)
  Destination:            u_fault_manager/recovery_timing_counter_reg[7]/D
                            (rising edge-triggered cell FDCE clocked by sys_clk  {rise@0.000ns fall@5.000ns period=10.000ns})
  Path Group:             (none)
  Path Type:              Setup (Max at Slow Process Corner)
  Data Path Delay:        6.492ns  (logic 1.340ns (20.641%)  route 5.152ns (79.359%))
  Logic Levels:           4  (IBUF=1 LUT2=1 LUT5=1 LUT6=1)
  Clock Path Skew:        4.214ns (DCD - SCD + CPR)
    Destination Clock Delay (DCD):    4.214ns
    Source Clock Delay      (SCD):    0.000ns
    Clock Pessimism Removal (CPR):    0.000ns
  Clock Uncertainty:      0.025ns  ((TSJ^2 + TIJ^2)^1/2 + DJ) / 2 + PE
    Total System Jitter     (TSJ):    0.050ns
    Total Input Jitter      (TIJ):    0.000ns
    Discrete Jitter          (DJ):    0.000ns
    Phase Error              (PE):    0.000ns

    Location             Delay type                Incr(ns)  Path(ns)    Netlist Resource(s)
  -------------------------------------------------------------------    -------------------
    K19                                               0.000     0.000 r  scl_in (IN)
                         net (fo=0)                   0.000     0.000    scl_in
    K19                  IBUF (Prop_ibuf_I_O)         0.940     0.940 r  scl_in_IBUF_inst/O
                         net (fo=26, routed)          3.288     4.228    u_fault_manager/u_fault_detector/scl_in_IBUF
    SLICE_X11Y3          LUT2 (Prop_lut2_I0_O)        0.124     4.352 r  u_fault_manager/u_fault_detector/recovery_pulse_count[3]_i_4/O
                         net (fo=3, routed)           0.831     5.183    u_fault_manager/u_fault_detector/recovery_pulse_count[3]_i_4_n_0
    SLICE_X11Y4          LUT6 (Prop_lut6_I5_O)        0.124     5.307 r  u_fault_manager/u_fault_detector/recovery_timing_counter[8]_i_4/O
                         net (fo=9, routed)           1.033     6.340    u_fault_manager/u_fault_detector/recovery_timing_counter[8]_i_4_n_0
    SLICE_X13Y5          LUT5 (Prop_lut5_I0_O)        0.152     6.492 r  u_fault_manager/u_fault_detector/recovery_timing_counter[7]_i_1/O
                         net (fo=1, routed)           0.000     6.492    u_fault_manager/u_fault_detector_n_14
    SLICE_X13Y5          FDCE                                         r  u_fault_manager/recovery_timing_counter_reg[7]/D
  -------------------------------------------------------------------    -------------------

                         (clock sys_clk rise edge)    0.000     0.000 r  
    M18                                               0.000     0.000 r  clk (IN)
                         net (fo=0)                   0.000     0.000    clk
    M18                  IBUF (Prop_ibuf_I_O)         0.805     0.805 r  clk_IBUF_inst/O
                         net (fo=1, routed)           1.868     2.673    clk_IBUF
    BUFGCTRL_X0Y0        BUFG (Prop_bufg_I_O)         0.091     2.764 r  clk_IBUF_BUFG_inst/O
                         net (fo=144, routed)         1.450     4.214    u_fault_manager/clk_IBUF_BUFG
    SLICE_X13Y5          FDCE                                         r  u_fault_manager/recovery_timing_counter_reg[7]/C

Slack:                    inf
  Source:                 rst_n
                            (input port)
  Destination:            u_core/read_data_reg[2]/CLR
                            (recovery check against rising-edge clock sys_clk  {rise@0.000ns fall@5.000ns period=10.000ns})
  Path Group:             (none)
  Path Type:              Recovery (Max at Slow Process Corner)
  Data Path Delay:        6.468ns  (logic 1.078ns (16.668%)  route 5.390ns (83.332%))
  Logic Levels:           2  (IBUF=1 LUT1=1)
  Clock Path Skew:        4.284ns (DCD - SCD + CPR)
    Destination Clock Delay (DCD):    4.284ns
    Source Clock Delay      (SCD):    0.000ns
    Clock Pessimism Removal (CPR):    0.000ns
  Clock Uncertainty:      0.025ns  ((TSJ^2 + TIJ^2)^1/2 + DJ) / 2 + PE
    Total System Jitter     (TSJ):    0.050ns
    Total Input Jitter      (TIJ):    0.000ns
    Discrete Jitter          (DJ):    0.000ns
    Phase Error              (PE):    0.000ns

    Location             Delay type                Incr(ns)  Path(ns)    Netlist Resource(s)
  -------------------------------------------------------------------    -------------------
    J19                                               0.000     0.000 r  rst_n (IN)
                         net (fo=0)                   0.000     0.000    rst_n
    J19                  IBUF (Prop_ibuf_I_O)         0.954     0.954 r  rst_n_IBUF_inst/O
                         net (fo=1, routed)           2.059     3.013    u_fault_manager/u_fault_detector/rst_n_IBUF
    SLICE_X0Y9           LUT1 (Prop_lut1_I0_O)        0.124     3.137 f  u_fault_manager/u_fault_detector/FSM_sequential_state[3]_i_3__0/O
                         net (fo=144, routed)         3.331     6.468    u_core/waiting_for_scl_high_reg_0
    SLICE_X1Y1           FDCE                                         f  u_core/read_data_reg[2]/CLR
  -------------------------------------------------------------------    -------------------

                         (clock sys_clk rise edge)    0.000     0.000 r  
    M18                                               0.000     0.000 r  clk (IN)
                         net (fo=0)                   0.000     0.000    clk
    M18                  IBUF (Prop_ibuf_I_O)         0.805     0.805 r  clk_IBUF_inst/O
                         net (fo=1, routed)           1.868     2.673    clk_IBUF
    BUFGCTRL_X0Y0        BUFG (Prop_bufg_I_O)         0.091     2.764 r  clk_IBUF_BUFG_inst/O
                         net (fo=144, routed)         1.520     4.284    u_core/clk_IBUF_BUFG
    SLICE_X1Y1           FDCE                                         r  u_core/read_data_reg[2]/C

Slack:                    inf
  Source:                 scl_in
                            (input port)
  Destination:            u_fault_manager/recovery_timing_counter_reg[6]/D
                            (rising edge-triggered cell FDCE clocked by sys_clk  {rise@0.000ns fall@5.000ns period=10.000ns})
  Path Group:             (none)
  Path Type:              Setup (Max at Slow Process Corner)
  Data Path Delay:        6.464ns  (logic 1.312ns (20.297%)  route 5.152ns (79.703%))
  Logic Levels:           4  (IBUF=1 LUT2=1 LUT4=1 LUT6=1)
  Clock Path Skew:        4.214ns (DCD - SCD + CPR)
    Destination Clock Delay (DCD):    4.214ns
    Source Clock Delay      (SCD):    0.000ns
    Clock Pessimism Removal (CPR):    0.000ns
  Clock Uncertainty:      0.025ns  ((TSJ^2 + TIJ^2)^1/2 + DJ) / 2 + PE
    Total System Jitter     (TSJ):    0.050ns
    Total Input Jitter      (TIJ):    0.000ns
    Discrete Jitter          (DJ):    0.000ns
    Phase Error              (PE):    0.000ns

    Location             Delay type                Incr(ns)  Path(ns)    Netlist Resource(s)
  -------------------------------------------------------------------    -------------------
    K19                                               0.000     0.000 r  scl_in (IN)
                         net (fo=0)                   0.000     0.000    scl_in
    K19                  IBUF (Prop_ibuf_I_O)         0.940     0.940 r  scl_in_IBUF_inst/O
                         net (fo=26, routed)          3.288     4.228    u_fault_manager/u_fault_detector/scl_in_IBUF
    SLICE_X11Y3          LUT2 (Prop_lut2_I0_O)        0.124     4.352 r  u_fault_manager/u_fault_detector/recovery_pulse_count[3]_i_4/O
                         net (fo=3, routed)           0.831     5.183    u_fault_manager/u_fault_detector/recovery_pulse_count[3]_i_4_n_0
    SLICE_X11Y4          LUT6 (Prop_lut6_I5_O)        0.124     5.307 r  u_fault_manager/u_fault_detector/recovery_timing_counter[8]_i_4/O
                         net (fo=9, routed)           1.033     6.340    u_fault_manager/u_fault_detector/recovery_timing_counter[8]_i_4_n_0
    SLICE_X13Y5          LUT4 (Prop_lut4_I0_O)        0.124     6.464 r  u_fault_manager/u_fault_detector/recovery_timing_counter[6]_i_1/O
                         net (fo=1, routed)           0.000     6.464    u_fault_manager/u_fault_detector_n_15
    SLICE_X13Y5          FDCE                                         r  u_fault_manager/recovery_timing_counter_reg[6]/D
  -------------------------------------------------------------------    -------------------

                         (clock sys_clk rise edge)    0.000     0.000 r  
    M18                                               0.000     0.000 r  clk (IN)
                         net (fo=0)                   0.000     0.000    clk
    M18                  IBUF (Prop_ibuf_I_O)         0.805     0.805 r  clk_IBUF_inst/O
                         net (fo=1, routed)           1.868     2.673    clk_IBUF
    BUFGCTRL_X0Y0        BUFG (Prop_bufg_I_O)         0.091     2.764 r  clk_IBUF_BUFG_inst/O
                         net (fo=144, routed)         1.450     4.214    u_fault_manager/clk_IBUF_BUFG
    SLICE_X13Y5          FDCE                                         r  u_fault_manager/recovery_timing_counter_reg[6]/C

Slack:                    inf
  Source:                 sda_in
                            (input port)
  Destination:            u_core/bus_free_counter_reg[2]/D
                            (rising edge-triggered cell FDCE clocked by sys_clk  {rise@0.000ns fall@5.000ns period=10.000ns})
  Path Group:             (none)
  Path Type:              Setup (Max at Slow Process Corner)
  Data Path Delay:        6.432ns  (logic 1.687ns (26.234%)  route 4.744ns (73.766%))
  Logic Levels:           5  (IBUF=1 LUT2=1 LUT4=1 LUT5=1 LUT6=1)
  Clock Path Skew:        4.283ns (DCD - SCD + CPR)
    Destination Clock Delay (DCD):    4.283ns
    Source Clock Delay      (SCD):    0.000ns
    Clock Pessimism Removal (CPR):    0.000ns
  Clock Uncertainty:      0.025ns  ((TSJ^2 + TIJ^2)^1/2 + DJ) / 2 + PE
    Total System Jitter     (TSJ):    0.050ns
    Total Input Jitter      (TIJ):    0.000ns
    Discrete Jitter          (DJ):    0.000ns
    Phase Error              (PE):    0.000ns

    Location             Delay type                Incr(ns)  Path(ns)    Netlist Resource(s)
  -------------------------------------------------------------------    -------------------
    G17                                               0.000     0.000 f  sda_in (IN)
                         net (fo=0)                   0.000     0.000    sda_in
    G17                  IBUF (Prop_ibuf_I_O)         0.959     0.959 f  sda_in_IBUF_inst/O
                         net (fo=8, routed)           2.643     3.602    u_core/sda_in_IBUF
    SLICE_X3Y5           LUT2 (Prop_lut2_I0_O)        0.124     3.726 f  u_core/bus_free_counter[8]_i_4/O
                         net (fo=4, routed)           0.883     4.610    u_core/sda_in
    SLICE_X2Y5           LUT6 (Prop_lut6_I0_O)        0.124     4.734 f  u_core/FSM_sequential_state[3]_i_4/O
                         net (fo=8, routed)           0.753     5.486    u_core/FSM_sequential_state[3]_i_4_n_0
    SLICE_X3Y5           LUT5 (Prop_lut5_I3_O)        0.153     5.639 r  u_core/bus_free_counter[8]_i_6/O
                         net (fo=9, routed)           0.465     6.105    u_core/bus_free_counter[8]_i_6_n_0
    SLICE_X2Y6           LUT4 (Prop_lut4_I0_O)        0.327     6.432 r  u_core/bus_free_counter[2]_i_1/O
                         net (fo=1, routed)           0.000     6.432    u_core/bus_free_counter0_out[2]
    SLICE_X2Y6           FDCE                                         r  u_core/bus_free_counter_reg[2]/D
  -------------------------------------------------------------------    -------------------

                         (clock sys_clk rise edge)    0.000     0.000 r  
    M18                                               0.000     0.000 r  clk (IN)
                         net (fo=0)                   0.000     0.000    clk
    M18                  IBUF (Prop_ibuf_I_O)         0.805     0.805 r  clk_IBUF_inst/O
                         net (fo=1, routed)           1.868     2.673    clk_IBUF
    BUFGCTRL_X0Y0        BUFG (Prop_bufg_I_O)         0.091     2.764 r  clk_IBUF_BUFG_inst/O
                         net (fo=144, routed)         1.519     4.283    u_core/clk_IBUF_BUFG
    SLICE_X2Y6           FDCE                                         r  u_core/bus_free_counter_reg[2]/C

Slack:                    inf
  Source:                 sda_in
                            (input port)
  Destination:            u_core/bus_free_counter_reg[3]/D
                            (rising edge-triggered cell FDCE clocked by sys_clk  {rise@0.000ns fall@5.000ns period=10.000ns})
  Path Group:             (none)
  Path Type:              Setup (Max at Slow Process Corner)
  Data Path Delay:        6.425ns  (logic 1.680ns (26.154%)  route 4.744ns (73.846%))
  Logic Levels:           5  (IBUF=1 LUT2=1 LUT5=2 LUT6=1)
  Clock Path Skew:        4.283ns (DCD - SCD + CPR)
    Destination Clock Delay (DCD):    4.283ns
    Source Clock Delay      (SCD):    0.000ns
    Clock Pessimism Removal (CPR):    0.000ns
  Clock Uncertainty:      0.025ns  ((TSJ^2 + TIJ^2)^1/2 + DJ) / 2 + PE
    Total System Jitter     (TSJ):    0.050ns
    Total Input Jitter      (TIJ):    0.000ns
    Discrete Jitter          (DJ):    0.000ns
    Phase Error              (PE):    0.000ns

    Location             Delay type                Incr(ns)  Path(ns)    Netlist Resource(s)
  -------------------------------------------------------------------    -------------------
    G17                                               0.000     0.000 f  sda_in (IN)
                         net (fo=0)                   0.000     0.000    sda_in
    G17                  IBUF (Prop_ibuf_I_O)         0.959     0.959 f  sda_in_IBUF_inst/O
                         net (fo=8, routed)           2.643     3.602    u_core/sda_in_IBUF
    SLICE_X3Y5           LUT2 (Prop_lut2_I0_O)        0.124     3.726 f  u_core/bus_free_counter[8]_i_4/O
                         net (fo=4, routed)           0.883     4.610    u_core/sda_in
    SLICE_X2Y5           LUT6 (Prop_lut6_I0_O)        0.124     4.734 f  u_core/FSM_sequential_state[3]_i_4/O
                         net (fo=8, routed)           0.753     5.486    u_core/FSM_sequential_state[3]_i_4_n_0
    SLICE_X3Y5           LUT5 (Prop_lut5_I3_O)        0.153     5.639 r  u_core/bus_free_counter[8]_i_6/O
                         net (fo=9, routed)           0.465     6.105    u_core/bus_free_counter[8]_i_6_n_0
    SLICE_X2Y6           LUT5 (Prop_lut5_I0_O)        0.320     6.425 r  u_core/bus_free_counter[3]_i_1/O
                         net (fo=1, routed)           0.000     6.425    u_core/bus_free_counter0_out[3]
    SLICE_X2Y6           FDCE                                         r  u_core/bus_free_counter_reg[3]/D
  -------------------------------------------------------------------    -------------------

                         (clock sys_clk rise edge)    0.000     0.000 r  
    M18                                               0.000     0.000 r  clk (IN)
                         net (fo=0)                   0.000     0.000    clk
    M18                  IBUF (Prop_ibuf_I_O)         0.805     0.805 r  clk_IBUF_inst/O
                         net (fo=1, routed)           1.868     2.673    clk_IBUF
    BUFGCTRL_X0Y0        BUFG (Prop_bufg_I_O)         0.091     2.764 r  clk_IBUF_BUFG_inst/O
                         net (fo=144, routed)         1.519     4.283    u_core/clk_IBUF_BUFG
    SLICE_X2Y6           FDCE                                         r  u_core/bus_free_counter_reg[3]/C

Slack:                    inf
  Source:                 sda_in
                            (input port)
  Destination:            u_core/bus_free_counter_reg[4]/D
                            (rising edge-triggered cell FDCE clocked by sys_clk  {rise@0.000ns fall@5.000ns period=10.000ns})
  Path Group:             (none)
  Path Type:              Setup (Max at Slow Process Corner)
  Data Path Delay:        6.423ns  (logic 1.687ns (26.270%)  route 4.736ns (73.730%))
  Logic Levels:           5  (IBUF=1 LUT2=1 LUT5=1 LUT6=2)
  Clock Path Skew:        4.283ns (DCD - SCD + CPR)
    Destination Clock Delay (DCD):    4.283ns
    Source Clock Delay      (SCD):    0.000ns
    Clock Pessimism Removal (CPR):    0.000ns
  Clock Uncertainty:      0.025ns  ((TSJ^2 + TIJ^2)^1/2 + DJ) / 2 + PE
    Total System Jitter     (TSJ):    0.050ns
    Total Input Jitter      (TIJ):    0.000ns
    Discrete Jitter          (DJ):    0.000ns
    Phase Error              (PE):    0.000ns

    Location             Delay type                Incr(ns)  Path(ns)    Netlist Resource(s)
  -------------------------------------------------------------------    -------------------
    G17                                               0.000     0.000 f  sda_in (IN)
                         net (fo=0)                   0.000     0.000    sda_in
    G17                  IBUF (Prop_ibuf_I_O)         0.959     0.959 f  sda_in_IBUF_inst/O
                         net (fo=8, routed)           2.643     3.602    u_core/sda_in_IBUF
    SLICE_X3Y5           LUT2 (Prop_lut2_I0_O)        0.124     3.726 f  u_core/bus_free_counter[8]_i_4/O
                         net (fo=4, routed)           0.883     4.610    u_core/sda_in
    SLICE_X2Y5           LUT6 (Prop_lut6_I0_O)        0.124     4.734 f  u_core/FSM_sequential_state[3]_i_4/O
                         net (fo=8, routed)           0.753     5.486    u_core/FSM_sequential_state[3]_i_4_n_0
    SLICE_X3Y5           LUT5 (Prop_lut5_I3_O)        0.153     5.639 r  u_core/bus_free_counter[8]_i_6/O
                         net (fo=9, routed)           0.457     6.096    u_core/bus_free_counter[8]_i_6_n_0
    SLICE_X2Y6           LUT6 (Prop_lut6_I0_O)        0.327     6.423 r  u_core/bus_free_counter[4]_i_1/O
                         net (fo=1, routed)           0.000     6.423    u_core/bus_free_counter0_out[4]
    SLICE_X2Y6           FDCE                                         r  u_core/bus_free_counter_reg[4]/D
  -------------------------------------------------------------------    -------------------

                         (clock sys_clk rise edge)    0.000     0.000 r  
    M18                                               0.000     0.000 r  clk (IN)
                         net (fo=0)                   0.000     0.000    clk
    M18                  IBUF (Prop_ibuf_I_O)         0.805     0.805 r  clk_IBUF_inst/O
                         net (fo=1, routed)           1.868     2.673    clk_IBUF
    BUFGCTRL_X0Y0        BUFG (Prop_bufg_I_O)         0.091     2.764 r  clk_IBUF_BUFG_inst/O
                         net (fo=144, routed)         1.519     4.283    u_core/clk_IBUF_BUFG
    SLICE_X2Y6           FDCE                                         r  u_core/bus_free_counter_reg[4]/C

Slack:                    inf
  Source:                 sda_in
                            (input port)
  Destination:            u_core/bus_free_counter_reg[0]/D
                            (rising edge-triggered cell FDCE clocked by sys_clk  {rise@0.000ns fall@5.000ns period=10.000ns})
  Path Group:             (none)
  Path Type:              Setup (Max at Slow Process Corner)
  Data Path Delay:        6.421ns  (logic 1.687ns (26.279%)  route 4.733ns (73.721%))
  Logic Levels:           5  (IBUF=1 LUT2=2 LUT5=1 LUT6=1)
  Clock Path Skew:        4.283ns (DCD - SCD + CPR)
    Destination Clock Delay (DCD):    4.283ns
    Source Clock Delay      (SCD):    0.000ns
    Clock Pessimism Removal (CPR):    0.000ns
  Clock Uncertainty:      0.025ns  ((TSJ^2 + TIJ^2)^1/2 + DJ) / 2 + PE
    Total System Jitter     (TSJ):    0.050ns
    Total Input Jitter      (TIJ):    0.000ns
    Discrete Jitter          (DJ):    0.000ns
    Phase Error              (PE):    0.000ns

    Location             Delay type                Incr(ns)  Path(ns)    Netlist Resource(s)
  -------------------------------------------------------------------    -------------------
    G17                                               0.000     0.000 f  sda_in (IN)
                         net (fo=0)                   0.000     0.000    sda_in
    G17                  IBUF (Prop_ibuf_I_O)         0.959     0.959 f  sda_in_IBUF_inst/O
                         net (fo=8, routed)           2.643     3.602    u_core/sda_in_IBUF
    SLICE_X3Y5           LUT2 (Prop_lut2_I0_O)        0.124     3.726 f  u_core/bus_free_counter[8]_i_4/O
                         net (fo=4, routed)           0.883     4.610    u_core/sda_in
    SLICE_X2Y5           LUT6 (Prop_lut6_I0_O)        0.124     4.734 f  u_core/FSM_sequential_state[3]_i_4/O
                         net (fo=8, routed)           0.753     5.486    u_core/FSM_sequential_state[3]_i_4_n_0
    SLICE_X3Y5           LUT5 (Prop_lut5_I3_O)        0.153     5.639 r  u_core/bus_free_counter[8]_i_6/O
                         net (fo=9, routed)           0.454     6.094    u_core/bus_free_counter[8]_i_6_n_0
    SLICE_X2Y6           LUT2 (Prop_lut2_I0_O)        0.327     6.421 r  u_core/bus_free_counter[0]_i_1/O
                         net (fo=1, routed)           0.000     6.421    u_core/bus_free_counter0_out[0]
    SLICE_X2Y6           FDCE                                         r  u_core/bus_free_counter_reg[0]/D
  -------------------------------------------------------------------    -------------------

                         (clock sys_clk rise edge)    0.000     0.000 r  
    M18                                               0.000     0.000 r  clk (IN)
                         net (fo=0)                   0.000     0.000    clk
    M18                  IBUF (Prop_ibuf_I_O)         0.805     0.805 r  clk_IBUF_inst/O
                         net (fo=1, routed)           1.868     2.673    clk_IBUF
    BUFGCTRL_X0Y0        BUFG (Prop_bufg_I_O)         0.091     2.764 r  clk_IBUF_BUFG_inst/O
                         net (fo=144, routed)         1.519     4.283    u_core/clk_IBUF_BUFG
    SLICE_X2Y6           FDCE                                         r  u_core/bus_free_counter_reg[0]/C

Slack:                    inf
  Source:                 sda_in
                            (input port)
  Destination:            u_core/bus_free_counter_reg[7]/D
                            (rising edge-triggered cell FDCE clocked by sys_clk  {rise@0.000ns fall@5.000ns period=10.000ns})
  Path Group:             (none)
  Path Type:              Setup (Max at Slow Process Corner)
  Data Path Delay:        6.419ns  (logic 1.687ns (26.286%)  route 4.732ns (73.714%))
  Logic Levels:           5  (IBUF=1 LUT2=1 LUT4=1 LUT5=1 LUT6=1)
  Clock Path Skew:        4.283ns (DCD - SCD + CPR)
    Destination Clock Delay (DCD):    4.283ns
    Source Clock Delay      (SCD):    0.000ns
    Clock Pessimism Removal (CPR):    0.000ns
  Clock Uncertainty:      0.025ns  ((TSJ^2 + TIJ^2)^1/2 + DJ) / 2 + PE
    Total System Jitter     (TSJ):    0.050ns
    Total Input Jitter      (TIJ):    0.000ns
    Discrete Jitter          (DJ):    0.000ns
    Phase Error              (PE):    0.000ns

    Location             Delay type                Incr(ns)  Path(ns)    Netlist Resource(s)
  -------------------------------------------------------------------    -------------------
    G17                                               0.000     0.000 f  sda_in (IN)
                         net (fo=0)                   0.000     0.000    sda_in
    G17                  IBUF (Prop_ibuf_I_O)         0.959     0.959 f  sda_in_IBUF_inst/O
                         net (fo=8, routed)           2.643     3.602    u_core/sda_in_IBUF
    SLICE_X3Y5           LUT2 (Prop_lut2_I0_O)        0.124     3.726 f  u_core/bus_free_counter[8]_i_4/O
                         net (fo=4, routed)           0.883     4.610    u_core/sda_in
    SLICE_X2Y5           LUT6 (Prop_lut6_I0_O)        0.124     4.734 f  u_core/FSM_sequential_state[3]_i_4/O
                         net (fo=8, routed)           0.753     5.486    u_core/FSM_sequential_state[3]_i_4_n_0
    SLICE_X3Y5           LUT5 (Prop_lut5_I3_O)        0.153     5.639 r  u_core/bus_free_counter[8]_i_6/O
                         net (fo=9, routed)           0.453     6.092    u_core/bus_free_counter[8]_i_6_n_0
    SLICE_X2Y6           LUT4 (Prop_lut4_I0_O)        0.327     6.419 r  u_core/bus_free_counter[7]_i_1/O
                         net (fo=1, routed)           0.000     6.419    u_core/bus_free_counter0_out[7]
    SLICE_X2Y6           FDCE                                         r  u_core/bus_free_counter_reg[7]/D
  -------------------------------------------------------------------    -------------------

                         (clock sys_clk rise edge)    0.000     0.000 r  
    M18                                               0.000     0.000 r  clk (IN)
                         net (fo=0)                   0.000     0.000    clk
    M18                  IBUF (Prop_ibuf_I_O)         0.805     0.805 r  clk_IBUF_inst/O
                         net (fo=1, routed)           1.868     2.673    clk_IBUF
    BUFGCTRL_X0Y0        BUFG (Prop_bufg_I_O)         0.091     2.764 r  clk_IBUF_BUFG_inst/O
                         net (fo=144, routed)         1.519     4.283    u_core/clk_IBUF_BUFG
    SLICE_X2Y6           FDCE                                         r  u_core/bus_free_counter_reg[7]/C

Slack:                    inf
  Source:                 sda_in
                            (input port)
  Destination:            u_core/bus_free_counter_reg[1]/D
                            (rising edge-triggered cell FDCE clocked by sys_clk  {rise@0.000ns fall@5.000ns period=10.000ns})
  Path Group:             (none)
  Path Type:              Setup (Max at Slow Process Corner)
  Data Path Delay:        6.413ns  (logic 1.679ns (26.187%)  route 4.733ns (73.813%))
  Logic Levels:           5  (IBUF=1 LUT2=1 LUT3=1 LUT5=1 LUT6=1)
  Clock Path Skew:        4.283ns (DCD - SCD + CPR)
    Destination Clock Delay (DCD):    4.283ns
    Source Clock Delay      (SCD):    0.000ns
    Clock Pessimism Removal (CPR):    0.000ns
  Clock Uncertainty:      0.025ns  ((TSJ^2 + TIJ^2)^1/2 + DJ) / 2 + PE
    Total System Jitter     (TSJ):    0.050ns
    Total Input Jitter      (TIJ):    0.000ns
    Discrete Jitter          (DJ):    0.000ns
    Phase Error              (PE):    0.000ns

    Location             Delay type                Incr(ns)  Path(ns)    Netlist Resource(s)
  -------------------------------------------------------------------    -------------------
    G17                                               0.000     0.000 f  sda_in (IN)
                         net (fo=0)                   0.000     0.000    sda_in
    G17                  IBUF (Prop_ibuf_I_O)         0.959     0.959 f  sda_in_IBUF_inst/O
                         net (fo=8, routed)           2.643     3.602    u_core/sda_in_IBUF
    SLICE_X3Y5           LUT2 (Prop_lut2_I0_O)        0.124     3.726 f  u_core/bus_free_counter[8]_i_4/O
                         net (fo=4, routed)           0.883     4.610    u_core/sda_in
    SLICE_X2Y5           LUT6 (Prop_lut6_I0_O)        0.124     4.734 f  u_core/FSM_sequential_state[3]_i_4/O
                         net (fo=8, routed)           0.753     5.486    u_core/FSM_sequential_state[3]_i_4_n_0
    SLICE_X3Y5           LUT5 (Prop_lut5_I3_O)        0.153     5.639 r  u_core/bus_free_counter[8]_i_6/O
                         net (fo=9, routed)           0.454     6.094    u_core/bus_free_counter[8]_i_6_n_0
    SLICE_X2Y6           LUT3 (Prop_lut3_I0_O)        0.319     6.413 r  u_core/bus_free_counter[1]_i_1/O
                         net (fo=1, routed)           0.000     6.413    u_core/bus_free_counter0_out[1]
    SLICE_X2Y6           FDCE                                         r  u_core/bus_free_counter_reg[1]/D
  -------------------------------------------------------------------    -------------------

                         (clock sys_clk rise edge)    0.000     0.000 r  
    M18                                               0.000     0.000 r  clk (IN)
                         net (fo=0)                   0.000     0.000    clk
    M18                  IBUF (Prop_ibuf_I_O)         0.805     0.805 r  clk_IBUF_inst/O
                         net (fo=1, routed)           1.868     2.673    clk_IBUF
    BUFGCTRL_X0Y0        BUFG (Prop_bufg_I_O)         0.091     2.764 r  clk_IBUF_BUFG_inst/O
                         net (fo=144, routed)         1.519     4.283    u_core/clk_IBUF_BUFG
    SLICE_X2Y6           FDCE                                         r  u_core/bus_free_counter_reg[1]/C

Slack:                    inf
  Source:                 sda_in
                            (input port)
  Destination:            u_core/bus_free_counter_reg[8]/D
                            (rising edge-triggered cell FDCE clocked by sys_clk  {rise@0.000ns fall@5.000ns period=10.000ns})
  Path Group:             (none)
  Path Type:              Setup (Max at Slow Process Corner)
  Data Path Delay:        6.412ns  (logic 1.680ns (26.205%)  route 4.732ns (73.795%))
  Logic Levels:           5  (IBUF=1 LUT2=1 LUT5=2 LUT6=1)
  Clock Path Skew:        4.283ns (DCD - SCD + CPR)
    Destination Clock Delay (DCD):    4.283ns
    Source Clock Delay      (SCD):    0.000ns
    Clock Pessimism Removal (CPR):    0.000ns
  Clock Uncertainty:      0.025ns  ((TSJ^2 + TIJ^2)^1/2 + DJ) / 2 + PE
    Total System Jitter     (TSJ):    0.050ns
    Total Input Jitter      (TIJ):    0.000ns
    Discrete Jitter          (DJ):    0.000ns
    Phase Error              (PE):    0.000ns

    Location             Delay type                Incr(ns)  Path(ns)    Netlist Resource(s)
  -------------------------------------------------------------------    -------------------
    G17                                               0.000     0.000 f  sda_in (IN)
                         net (fo=0)                   0.000     0.000    sda_in
    G17                  IBUF (Prop_ibuf_I_O)         0.959     0.959 f  sda_in_IBUF_inst/O
                         net (fo=8, routed)           2.643     3.602    u_core/sda_in_IBUF
    SLICE_X3Y5           LUT2 (Prop_lut2_I0_O)        0.124     3.726 f  u_core/bus_free_counter[8]_i_4/O
                         net (fo=4, routed)           0.883     4.610    u_core/sda_in
    SLICE_X2Y5           LUT6 (Prop_lut6_I0_O)        0.124     4.734 f  u_core/FSM_sequential_state[3]_i_4/O
                         net (fo=8, routed)           0.753     5.486    u_core/FSM_sequential_state[3]_i_4_n_0
    SLICE_X3Y5           LUT5 (Prop_lut5_I3_O)        0.153     5.639 r  u_core/bus_free_counter[8]_i_6/O
                         net (fo=9, routed)           0.453     6.092    u_core/bus_free_counter[8]_i_6_n_0
    SLICE_X2Y6           LUT5 (Prop_lut5_I0_O)        0.320     6.412 r  u_core/bus_free_counter[8]_i_2/O
                         net (fo=1, routed)           0.000     6.412    u_core/bus_free_counter0_out[8]
    SLICE_X2Y6           FDCE                                         r  u_core/bus_free_counter_reg[8]/D
  -------------------------------------------------------------------    -------------------

                         (clock sys_clk rise edge)    0.000     0.000 r  
    M18                                               0.000     0.000 r  clk (IN)
                         net (fo=0)                   0.000     0.000    clk
    M18                  IBUF (Prop_ibuf_I_O)         0.805     0.805 r  clk_IBUF_inst/O
                         net (fo=1, routed)           1.868     2.673    clk_IBUF
    BUFGCTRL_X0Y0        BUFG (Prop_bufg_I_O)         0.091     2.764 r  clk_IBUF_BUFG_inst/O
                         net (fo=144, routed)         1.519     4.283    u_core/clk_IBUF_BUFG
    SLICE_X2Y6           FDCE                                         r  u_core/bus_free_counter_reg[8]/C

Slack:                    inf
  Source:                 sda_in
                            (input port)
  Destination:            u_core/bus_free_counter_reg[5]/D
                            (rising edge-triggered cell FDCE clocked by sys_clk  {rise@0.000ns fall@5.000ns period=10.000ns})
  Path Group:             (none)
  Path Type:              Setup (Max at Slow Process Corner)
  Data Path Delay:        6.407ns  (logic 1.687ns (26.336%)  route 4.719ns (73.664%))
  Logic Levels:           5  (IBUF=1 LUT2=1 LUT3=1 LUT5=1 LUT6=1)
  Clock Path Skew:        4.283ns (DCD - SCD + CPR)
    Destination Clock Delay (DCD):    4.283ns
    Source Clock Delay      (SCD):    0.000ns
    Clock Pessimism Removal (CPR):    0.000ns
  Clock Uncertainty:      0.025ns  ((TSJ^2 + TIJ^2)^1/2 + DJ) / 2 + PE
    Total System Jitter     (TSJ):    0.050ns
    Total Input Jitter      (TIJ):    0.000ns
    Discrete Jitter          (DJ):    0.000ns
    Phase Error              (PE):    0.000ns

    Location             Delay type                Incr(ns)  Path(ns)    Netlist Resource(s)
  -------------------------------------------------------------------    -------------------
    G17                                               0.000     0.000 f  sda_in (IN)
                         net (fo=0)                   0.000     0.000    sda_in
    G17                  IBUF (Prop_ibuf_I_O)         0.959     0.959 f  sda_in_IBUF_inst/O
                         net (fo=8, routed)           2.643     3.602    u_core/sda_in_IBUF
    SLICE_X3Y5           LUT2 (Prop_lut2_I0_O)        0.124     3.726 f  u_core/bus_free_counter[8]_i_4/O
                         net (fo=4, routed)           0.883     4.610    u_core/sda_in
    SLICE_X2Y5           LUT6 (Prop_lut6_I0_O)        0.124     4.734 f  u_core/FSM_sequential_state[3]_i_4/O
                         net (fo=8, routed)           0.753     5.486    u_core/FSM_sequential_state[3]_i_4_n_0
    SLICE_X3Y5           LUT5 (Prop_lut5_I3_O)        0.153     5.639 r  u_core/bus_free_counter[8]_i_6/O
                         net (fo=9, routed)           0.440     6.080    u_core/bus_free_counter[8]_i_6_n_0
    SLICE_X3Y6           LUT3 (Prop_lut3_I0_O)        0.327     6.407 r  u_core/bus_free_counter[5]_i_1/O
                         net (fo=1, routed)           0.000     6.407    u_core/bus_free_counter0_out[5]
    SLICE_X3Y6           FDCE                                         r  u_core/bus_free_counter_reg[5]/D
  -------------------------------------------------------------------    -------------------

                         (clock sys_clk rise edge)    0.000     0.000 r  
    M18                                               0.000     0.000 r  clk (IN)
                         net (fo=0)                   0.000     0.000    clk
    M18                  IBUF (Prop_ibuf_I_O)         0.805     0.805 r  clk_IBUF_inst/O
                         net (fo=1, routed)           1.868     2.673    clk_IBUF
    BUFGCTRL_X0Y0        BUFG (Prop_bufg_I_O)         0.091     2.764 r  clk_IBUF_BUFG_inst/O
                         net (fo=144, routed)         1.519     4.283    u_core/clk_IBUF_BUFG
    SLICE_X3Y6           FDCE                                         r  u_core/bus_free_counter_reg[5]/C

Slack:                    inf
  Source:                 sda_in
                            (input port)
  Destination:            u_core/bus_free_counter_reg[6]/D
                            (rising edge-triggered cell FDCE clocked by sys_clk  {rise@0.000ns fall@5.000ns period=10.000ns})
  Path Group:             (none)
  Path Type:              Setup (Max at Slow Process Corner)
  Data Path Delay:        6.401ns  (logic 1.681ns (26.267%)  route 4.719ns (73.733%))
  Logic Levels:           5  (IBUF=1 LUT2=1 LUT3=1 LUT5=1 LUT6=1)
  Clock Path Skew:        4.283ns (DCD - SCD + CPR)
    Destination Clock Delay (DCD):    4.283ns
    Source Clock Delay      (SCD):    0.000ns
    Clock Pessimism Removal (CPR):    0.000ns
  Clock Uncertainty:      0.025ns  ((TSJ^2 + TIJ^2)^1/2 + DJ) / 2 + PE
    Total System Jitter     (TSJ):    0.050ns
    Total Input Jitter      (TIJ):    0.000ns
    Discrete Jitter          (DJ):    0.000ns
    Phase Error              (PE):    0.000ns

    Location             Delay type                Incr(ns)  Path(ns)    Netlist Resource(s)
  -------------------------------------------------------------------    -------------------
    G17                                               0.000     0.000 f  sda_in (IN)
                         net (fo=0)                   0.000     0.000    sda_in
    G17                  IBUF (Prop_ibuf_I_O)         0.959     0.959 f  sda_in_IBUF_inst/O
                         net (fo=8, routed)           2.643     3.602    u_core/sda_in_IBUF
    SLICE_X3Y5           LUT2 (Prop_lut2_I0_O)        0.124     3.726 f  u_core/bus_free_counter[8]_i_4/O
                         net (fo=4, routed)           0.883     4.610    u_core/sda_in
    SLICE_X2Y5           LUT6 (Prop_lut6_I0_O)        0.124     4.734 f  u_core/FSM_sequential_state[3]_i_4/O
                         net (fo=8, routed)           0.753     5.486    u_core/FSM_sequential_state[3]_i_4_n_0
    SLICE_X3Y5           LUT5 (Prop_lut5_I3_O)        0.153     5.639 r  u_core/bus_free_counter[8]_i_6/O
                         net (fo=9, routed)           0.440     6.080    u_core/bus_free_counter[8]_i_6_n_0
    SLICE_X3Y6           LUT3 (Prop_lut3_I0_O)        0.321     6.401 r  u_core/bus_free_counter[6]_i_1/O
                         net (fo=1, routed)           0.000     6.401    u_core/bus_free_counter0_out[6]
    SLICE_X3Y6           FDCE                                         r  u_core/bus_free_counter_reg[6]/D
  -------------------------------------------------------------------    -------------------

                         (clock sys_clk rise edge)    0.000     0.000 r  
    M18                                               0.000     0.000 r  clk (IN)
                         net (fo=0)                   0.000     0.000    clk
    M18                  IBUF (Prop_ibuf_I_O)         0.805     0.805 r  clk_IBUF_inst/O
                         net (fo=1, routed)           1.868     2.673    clk_IBUF
    BUFGCTRL_X0Y0        BUFG (Prop_bufg_I_O)         0.091     2.764 r  clk_IBUF_BUFG_inst/O
                         net (fo=144, routed)         1.519     4.283    u_core/clk_IBUF_BUFG
    SLICE_X3Y6           FDCE                                         r  u_core/bus_free_counter_reg[6]/C

Slack:                    inf
  Source:                 scl_in
                            (input port)
  Destination:            u_core/bit_index_reg[0]/CE
                            (rising edge-triggered cell FDCE clocked by sys_clk  {rise@0.000ns fall@5.000ns period=10.000ns})
  Path Group:             (none)
  Path Type:              Setup (Max at Slow Process Corner)
  Data Path Delay:        6.362ns  (logic 1.312ns (20.624%)  route 5.050ns (79.376%))
  Logic Levels:           4  (IBUF=1 LUT6=3)
  Clock Path Skew:        4.283ns (DCD - SCD + CPR)
    Destination Clock Delay (DCD):    4.283ns
    Source Clock Delay      (SCD):    0.000ns
    Clock Pessimism Removal (CPR):    0.000ns
  Clock Uncertainty:      0.025ns  ((TSJ^2 + TIJ^2)^1/2 + DJ) / 2 + PE
    Total System Jitter     (TSJ):    0.050ns
    Total Input Jitter      (TIJ):    0.000ns
    Discrete Jitter          (DJ):    0.000ns
    Phase Error              (PE):    0.000ns

    Location             Delay type                Incr(ns)  Path(ns)    Netlist Resource(s)
  -------------------------------------------------------------------    -------------------
    K19                                               0.000     0.000 r  scl_in (IN)
                         net (fo=0)                   0.000     0.000    scl_in
    K19                  IBUF (Prop_ibuf_I_O)         0.940     0.940 r  scl_in_IBUF_inst/O
                         net (fo=26, routed)          3.378     4.318    u_core/scl_in_IBUF
    SLICE_X3Y2           LUT6 (Prop_lut6_I0_O)        0.124     4.442 f  u_core/tx_shift[7]_i_3/O
                         net (fo=6, routed)           0.499     4.942    u_core/tx_shift[7]_i_3_n_0
    SLICE_X4Y4           LUT6 (Prop_lut6_I2_O)        0.124     5.066 f  u_core/bit_index[3]_i_4/O
                         net (fo=1, routed)           0.580     5.645    u_core/bit_index[3]_i_4_n_0
    SLICE_X3Y4           LUT6 (Prop_lut6_I5_O)        0.124     5.769 r  u_core/bit_index[3]_i_1/O
                         net (fo=4, routed)           0.592     6.362    u_core/bit_index[3]_i_1_n_0
    SLICE_X3Y4           FDCE                                         r  u_core/bit_index_reg[0]/CE
  -------------------------------------------------------------------    -------------------

                         (clock sys_clk rise edge)    0.000     0.000 r  
    M18                                               0.000     0.000 r  clk (IN)
                         net (fo=0)                   0.000     0.000    clk
    M18                  IBUF (Prop_ibuf_I_O)         0.805     0.805 r  clk_IBUF_inst/O
                         net (fo=1, routed)           1.868     2.673    clk_IBUF
    BUFGCTRL_X0Y0        BUFG (Prop_bufg_I_O)         0.091     2.764 r  clk_IBUF_BUFG_inst/O
                         net (fo=144, routed)         1.519     4.283    u_core/clk_IBUF_BUFG
    SLICE_X3Y4           FDCE                                         r  u_core/bit_index_reg[0]/C





