Copyright 1986-2022 Xilinx, Inc. All Rights Reserved. Copyright 2022-2024 Advanced Micro Devices, Inc. All Rights Reserved.
-------------------------------------------------------------------------------------------------------------------------------------------------------------------------------------------------
| Tool Version : Vivado v.2024.1 (win64) Build 5076996 Wed May 22 18:37:14 MDT 2024
| Date         : Sun Sep 13 20:23:31 2026
| Host         : DEVDUTT running 64-bit major release  (build 9200)
| Command      : report_timing_summary -delay_type max -report_unconstrained -max_paths 20 -file D:/fault_tolerant_i2c_s8_817bd64/results/timing/baseline/baseline_post_route_timing_summary.rpt
| Design       : i2c_master_baseline
| Device       : 7a35t-cpg236
| Speed File   : -1  PRODUCTION 1.23 2018-06-13
| Design State : Routed
-------------------------------------------------------------------------------------------------------------------------------------------------------------------------------------------------

Timing Summary Report

------------------------------------------------------------------------------------------------
| Timer Settings
| --------------
------------------------------------------------------------------------------------------------

  Enable Multi Corner Analysis               :  Yes
  Enable Pessimism Removal                   :  Yes
  Pessimism Removal Resolution               :  Nearest Common Node
  Enable Input Delay Default Clock           :  No
  Enable Preset / Clear Arcs                 :  No
  Disable Flight Delays                      :  No
  Ignore I/O Paths                           :  No
  Timing Early Launch at Borrowing Latches   :  No
  Borrow Time for Max Delay Exceptions       :  Yes
  Merge Timing Exceptions                    :  Yes
  Inter-SLR Compensation                     :  Conservative

  Corner  Analyze    Analyze    
  Name    Max Paths  Min Paths  
  ------  ---------  ---------  
  Slow    Yes        Yes        
  Fast    Yes        Yes        


------------------------------------------------------------------------------------------------
| Report Methodology
| ------------------
------------------------------------------------------------------------------------------------

No report available as report_methodology has not been run prior. Run report_methodology on the current design for the summary of methodology violations.



check_timing report

Table of Contents
-----------------
1. checking no_clock (0)
2. checking constant_clock (0)
3. checking pulse_width_clock (0)
4. checking unconstrained_internal_endpoints (0)
5. checking no_input_delay (20)
6. checking no_output_delay (14)
7. checking multiple_clock (0)
8. checking generated_clocks (0)
9. checking loops (0)
10. checking partial_input_delay (0)
11. checking partial_output_delay (0)
12. checking latch_loops (0)

1. checking no_clock (0)
------------------------
 There are 0 register/latch pins with no clock.


2. checking constant_clock (0)
------------------------------
 There are 0 register/latch pins with constant_clock.


3. checking pulse_width_clock (0)
---------------------------------
 There are 0 register/latch pins which need pulse_width check


4. checking unconstrained_internal_endpoints (0)
------------------------------------------------
 There are 0 pins that are not constrained for maximum delay.

 There are 0 pins that are not constrained for maximum delay due to constant clock.


5. checking no_input_delay (20)
-------------------------------
 There are 20 input ports with no input delay specified. (HIGH)

 There are 0 input ports with no input delay but user has a false path constraint.


6. checking no_output_delay (14)
--------------------------------
 There are 14 ports with no output delay specified. (HIGH)

 There are 0 ports with no output delay but user has a false path constraint

 There are 0 ports with no output delay but with a timing clock defined on it or propagating through it


7. checking multiple_clock (0)
------------------------------
 There are 0 register/latch pins with multiple clocks.


8. checking generated_clocks (0)
--------------------------------
 There are 0 generated clocks that are not connected to a clock source.


9. checking loops (0)
---------------------
 There are 0 combinational loops in the design.


10. checking partial_input_delay (0)
------------------------------------
 There are 0 input ports with partial input delay specified.


11. checking partial_output_delay (0)
-------------------------------------
 There are 0 ports with partial output delay specified.


12. checking latch_loops (0)
----------------------------
 There are 0 combinational latch loops in the design through latch input



------------------------------------------------------------------------------------------------
| Design Timing Summary
| ---------------------
------------------------------------------------------------------------------------------------

    WNS(ns)      TNS(ns)  TNS Failing Endpoints  TNS Total Endpoints     WPWS(ns)     TPWS(ns)  TPWS Failing Endpoints  TPWS Total Endpoints  
    -------      -------  ---------------------  -------------------     --------     --------  ----------------------  --------------------  
      5.132        0.000                      0                   99        4.500        0.000                       0                    67  


All user specified timing constraints are met.


------------------------------------------------------------------------------------------------
| Clock Summary
| -------------
------------------------------------------------------------------------------------------------

Clock    Waveform(ns)       Period(ns)      Frequency(MHz)
-----    ------------       ----------      --------------
sys_clk  {0.000 5.000}      10.000          100.000         


------------------------------------------------------------------------------------------------
| Intra Clock Table
| -----------------
------------------------------------------------------------------------------------------------

Clock             WNS(ns)      TNS(ns)  TNS Failing Endpoints  TNS Total Endpoints     WPWS(ns)     TPWS(ns)  TPWS Failing Endpoints  TPWS Total Endpoints  
-----             -------      -------  ---------------------  -------------------     --------     --------  ----------------------  --------------------  
sys_clk             5.132        0.000                      0                   99        4.500        0.000                       0                    67  


------------------------------------------------------------------------------------------------
| Inter Clock Table
| -----------------
------------------------------------------------------------------------------------------------

From Clock    To Clock          WNS(ns)      TNS(ns)  TNS Failing Endpoints  TNS Total Endpoints  
----------    --------          -------      -------  ---------------------  -------------------  


------------------------------------------------------------------------------------------------
| Other Path Groups Table
| -----------------------
------------------------------------------------------------------------------------------------

Path Group    From Clock    To Clock          WNS(ns)      TNS(ns)  TNS Failing Endpoints  TNS Total Endpoints  
----------    ----------    --------          -------      -------  ---------------------  -------------------  


------------------------------------------------------------------------------------------------
| User Ignored Path Table
| -----------------------
------------------------------------------------------------------------------------------------

Path Group    From Clock    To Clock    
----------    ----------    --------    


------------------------------------------------------------------------------------------------
| Unconstrained Path Table
| ------------------------
------------------------------------------------------------------------------------------------

Path Group    From Clock    To Clock    
----------    ----------    --------    
(none)        sys_clk                     
(none)                      sys_clk       


------------------------------------------------------------------------------------------------
| Timing Details
| --------------
------------------------------------------------------------------------------------------------


---------------------------------------------------------------------------------------------------
From Clock:  sys_clk
  To Clock:  sys_clk

Setup :            0  Failing Endpoints,  Worst Slack        5.132ns,  Total Violation        0.000ns
Hold  :           NA  Failing Endpoints,  Worst Slack           NA  ,  Total Violation           NA
PW    :            0  Failing Endpoints,  Worst Slack        4.500ns,  Total Violation        0.000ns
---------------------------------------------------------------------------------------------------


Max Delay Paths
--------------------------------------------------------------------------------------
Slack (MET) :             5.132ns  (required time - arrival time)
  Source:                 u_core/FSM_sequential_state_reg[0]/C
                            (rising edge-triggered cell FDCE clocked by sys_clk  {rise@0.000ns fall@5.000ns period=10.000ns})
  Destination:            u_core/FSM_sequential_state_reg[0]/CE
                            (rising edge-triggered cell FDCE clocked by sys_clk  {rise@0.000ns fall@5.000ns period=10.000ns})
  Path Group:             sys_clk
  Path Type:              Setup (Max at Slow Process Corner)
  Requirement:            10.000ns  (sys_clk rise@10.000ns - sys_clk rise@0.000ns)
  Data Path Delay:        4.664ns  (logic 1.381ns (29.612%)  route 3.283ns (70.388%))
  Logic Levels:           4  (LUT4=1 LUT6=3)
  Clock Path Skew:        0.000ns (DCD - SCD + CPR)
    Destination Clock Delay (DCD):    4.280ns = ( 14.280 - 10.000 ) 
    Source Clock Delay      (SCD):    4.641ns
    Clock Pessimism Removal (CPR):    0.361ns
  Clock Uncertainty:      0.035ns  ((TSJ^2 + TIJ^2)^1/2 + DJ) / 2 + PE
    Total System Jitter     (TSJ):    0.071ns
    Total Input Jitter      (TIJ):    0.000ns
    Discrete Jitter          (DJ):    0.000ns
    Phase Error              (PE):    0.000ns

    Location             Delay type                Incr(ns)  Path(ns)    Netlist Resource(s)
  -------------------------------------------------------------------    -------------------
                         (clock sys_clk rise edge)    0.000     0.000 r  
    M18                                               0.000     0.000 r  clk (IN)
                         net (fo=0)                   0.000     0.000    clk
    M18                  IBUF (Prop_ibuf_I_O)         0.938     0.938 r  clk_IBUF_inst/O
                         net (fo=1, routed)           1.972     2.910    clk_IBUF
    BUFGCTRL_X0Y0        BUFG (Prop_bufg_I_O)         0.096     3.006 r  clk_IBUF_BUFG_inst/O
                         net (fo=66, routed)          1.635     4.641    u_core/clk_IBUF_BUFG
    SLICE_X2Y11          FDCE                                         r  u_core/FSM_sequential_state_reg[0]/C
  -------------------------------------------------------------------    -------------------
    SLICE_X2Y11          FDCE (Prop_fdce_C_Q)         0.478     5.119 f  u_core/FSM_sequential_state_reg[0]/Q
                         net (fo=27, routed)          1.070     6.189    u_core/state__0[0]
    SLICE_X0Y10          LUT4 (Prop_lut4_I2_O)        0.329     6.518 r  u_core/cmd_ready_OBUF_inst_i_3/O
                         net (fo=4, routed)           0.706     7.224    u_core/cmd_ready_OBUF_inst_i_3_n_0
    SLICE_X1Y10          LUT6 (Prop_lut6_I0_O)        0.326     7.550 r  u_core/latched_wdata[7]_i_1/O
                         net (fo=13, routed)          0.739     8.289    u_core/latched_rw
    SLICE_X3Y14          LUT6 (Prop_lut6_I0_O)        0.124     8.413 r  u_core/FSM_sequential_state[3]_i_6/O
                         net (fo=1, routed)           0.295     8.709    u_core/FSM_sequential_state[3]_i_6_n_0
    SLICE_X3Y13          LUT6 (Prop_lut6_I5_O)        0.124     8.833 r  u_core/FSM_sequential_state[3]_i_1/O
                         net (fo=4, routed)           0.472     9.305    u_core/state
    SLICE_X2Y11          FDCE                                         r  u_core/FSM_sequential_state_reg[0]/CE
  -------------------------------------------------------------------    -------------------

                         (clock sys_clk rise edge)   10.000    10.000 r  
    M18                                               0.000    10.000 r  clk (IN)
                         net (fo=0)                   0.000    10.000    clk
    M18                  IBUF (Prop_ibuf_I_O)         0.805    10.805 r  clk_IBUF_inst/O
                         net (fo=1, routed)           1.868    12.673    clk_IBUF
    BUFGCTRL_X0Y0        BUFG (Prop_bufg_I_O)         0.091    12.764 r  clk_IBUF_BUFG_inst/O
                         net (fo=66, routed)          1.516    14.280    u_core/clk_IBUF_BUFG
    SLICE_X2Y11          FDCE                                         r  u_core/FSM_sequential_state_reg[0]/C
                         clock pessimism              0.361    14.641    
                         clock uncertainty           -0.035    14.606    
    SLICE_X2Y11          FDCE (Setup_fdce_C_CE)      -0.169    14.437    u_core/FSM_sequential_state_reg[0]
  -------------------------------------------------------------------
                         required time                         14.437    
                         arrival time                          -9.305    
  -------------------------------------------------------------------
                         slack                                  5.132    

Slack (MET) :             5.132ns  (required time - arrival time)
  Source:                 u_core/FSM_sequential_state_reg[0]/C
                            (rising edge-triggered cell FDCE clocked by sys_clk  {rise@0.000ns fall@5.000ns period=10.000ns})
  Destination:            u_core/FSM_sequential_state_reg[1]/CE
                            (rising edge-triggered cell FDCE clocked by sys_clk  {rise@0.000ns fall@5.000ns period=10.000ns})
  Path Group:             sys_clk
  Path Type:              Setup (Max at Slow Process Corner)
  Requirement:            10.000ns  (sys_clk rise@10.000ns - sys_clk rise@0.000ns)
  Data Path Delay:        4.664ns  (logic 1.381ns (29.612%)  route 3.283ns (70.388%))
  Logic Levels:           4  (LUT4=1 LUT6=3)
  Clock Path Skew:        0.000ns (DCD - SCD + CPR)
    Destination Clock Delay (DCD):    4.280ns = ( 14.280 - 10.000 ) 
    Source Clock Delay      (SCD):    4.641ns
    Clock Pessimism Removal (CPR):    0.361ns
  Clock Uncertainty:      0.035ns  ((TSJ^2 + TIJ^2)^1/2 + DJ) / 2 + PE
    Total System Jitter     (TSJ):    0.071ns
    Total Input Jitter      (TIJ):    0.000ns
    Discrete Jitter          (DJ):    0.000ns
    Phase Error              (PE):    0.000ns

    Location             Delay type                Incr(ns)  Path(ns)    Netlist Resource(s)
  -------------------------------------------------------------------    -------------------
                         (clock sys_clk rise edge)    0.000     0.000 r  
    M18                                               0.000     0.000 r  clk (IN)
                         net (fo=0)                   0.000     0.000    clk
    M18                  IBUF (Prop_ibuf_I_O)         0.938     0.938 r  clk_IBUF_inst/O
                         net (fo=1, routed)           1.972     2.910    clk_IBUF
    BUFGCTRL_X0Y0        BUFG (Prop_bufg_I_O)         0.096     3.006 r  clk_IBUF_BUFG_inst/O
                         net (fo=66, routed)          1.635     4.641    u_core/clk_IBUF_BUFG
    SLICE_X2Y11          FDCE                                         r  u_core/FSM_sequential_state_reg[0]/C
  -------------------------------------------------------------------    -------------------
    SLICE_X2Y11          FDCE (Prop_fdce_C_Q)         0.478     5.119 f  u_core/FSM_sequential_state_reg[0]/Q
                         net (fo=27, routed)          1.070     6.189    u_core/state__0[0]
    SLICE_X0Y10          LUT4 (Prop_lut4_I2_O)        0.329     6.518 r  u_core/cmd_ready_OBUF_inst_i_3/O
                         net (fo=4, routed)           0.706     7.224    u_core/cmd_ready_OBUF_inst_i_3_n_0
    SLICE_X1Y10          LUT6 (Prop_lut6_I0_O)        0.326     7.550 r  u_core/latched_wdata[7]_i_1/O
                         net (fo=13, routed)          0.739     8.289    u_core/latched_rw
    SLICE_X3Y14          LUT6 (Prop_lut6_I0_O)        0.124     8.413 r  u_core/FSM_sequential_state[3]_i_6/O
                         net (fo=1, routed)           0.295     8.709    u_core/FSM_sequential_state[3]_i_6_n_0
    SLICE_X3Y13          LUT6 (Prop_lut6_I5_O)        0.124     8.833 r  u_core/FSM_sequential_state[3]_i_1/O
                         net (fo=4, routed)           0.472     9.305    u_core/state
    SLICE_X2Y11          FDCE                                         r  u_core/FSM_sequential_state_reg[1]/CE
  -------------------------------------------------------------------    -------------------

                         (clock sys_clk rise edge)   10.000    10.000 r  
    M18                                               0.000    10.000 r  clk (IN)
                         net (fo=0)                   0.000    10.000    clk
    M18                  IBUF (Prop_ibuf_I_O)         0.805    10.805 r  clk_IBUF_inst/O
                         net (fo=1, routed)           1.868    12.673    clk_IBUF
    BUFGCTRL_X0Y0        BUFG (Prop_bufg_I_O)         0.091    12.764 r  clk_IBUF_BUFG_inst/O
                         net (fo=66, routed)          1.516    14.280    u_core/clk_IBUF_BUFG
    SLICE_X2Y11          FDCE                                         r  u_core/FSM_sequential_state_reg[1]/C
                         clock pessimism              0.361    14.641    
                         clock uncertainty           -0.035    14.606    
    SLICE_X2Y11          FDCE (Setup_fdce_C_CE)      -0.169    14.437    u_core/FSM_sequential_state_reg[1]
  -------------------------------------------------------------------
                         required time                         14.437    
                         arrival time                          -9.305    
  -------------------------------------------------------------------
                         slack                                  5.132    

Slack (MET) :             5.132ns  (required time - arrival time)
  Source:                 u_core/FSM_sequential_state_reg[0]/C
                            (rising edge-triggered cell FDCE clocked by sys_clk  {rise@0.000ns fall@5.000ns period=10.000ns})
  Destination:            u_core/FSM_sequential_state_reg[2]/CE
                            (rising edge-triggered cell FDCE clocked by sys_clk  {rise@0.000ns fall@5.000ns period=10.000ns})
  Path Group:             sys_clk
  Path Type:              Setup (Max at Slow Process Corner)
  Requirement:            10.000ns  (sys_clk rise@10.000ns - sys_clk rise@0.000ns)
  Data Path Delay:        4.664ns  (logic 1.381ns (29.612%)  route 3.283ns (70.388%))
  Logic Levels:           4  (LUT4=1 LUT6=3)
  Clock Path Skew:        0.000ns (DCD - SCD + CPR)
    Destination Clock Delay (DCD):    4.280ns = ( 14.280 - 10.000 ) 
    Source Clock Delay      (SCD):    4.641ns
    Clock Pessimism Removal (CPR):    0.361ns
  Clock Uncertainty:      0.035ns  ((TSJ^2 + TIJ^2)^1/2 + DJ) / 2 + PE
    Total System Jitter     (TSJ):    0.071ns
    Total Input Jitter      (TIJ):    0.000ns
    Discrete Jitter          (DJ):    0.000ns
    Phase Error              (PE):    0.000ns

    Location             Delay type                Incr(ns)  Path(ns)    Netlist Resource(s)
  -------------------------------------------------------------------    -------------------
                         (clock sys_clk rise edge)    0.000     0.000 r  
    M18                                               0.000     0.000 r  clk (IN)
                         net (fo=0)                   0.000     0.000    clk
    M18                  IBUF (Prop_ibuf_I_O)         0.938     0.938 r  clk_IBUF_inst/O
                         net (fo=1, routed)           1.972     2.910    clk_IBUF
    BUFGCTRL_X0Y0        BUFG (Prop_bufg_I_O)         0.096     3.006 r  clk_IBUF_BUFG_inst/O
                         net (fo=66, routed)          1.635     4.641    u_core/clk_IBUF_BUFG
    SLICE_X2Y11          FDCE                                         r  u_core/FSM_sequential_state_reg[0]/C
  -------------------------------------------------------------------    -------------------
    SLICE_X2Y11          FDCE (Prop_fdce_C_Q)         0.478     5.119 f  u_core/FSM_sequential_state_reg[0]/Q
                         net (fo=27, routed)          1.070     6.189    u_core/state__0[0]
    SLICE_X0Y10          LUT4 (Prop_lut4_I2_O)        0.329     6.518 r  u_core/cmd_ready_OBUF_inst_i_3/O
                         net (fo=4, routed)           0.706     7.224    u_core/cmd_ready_OBUF_inst_i_3_n_0
    SLICE_X1Y10          LUT6 (Prop_lut6_I0_O)        0.326     7.550 r  u_core/latched_wdata[7]_i_1/O
                         net (fo=13, routed)          0.739     8.289    u_core/latched_rw
    SLICE_X3Y14          LUT6 (Prop_lut6_I0_O)        0.124     8.413 r  u_core/FSM_sequential_state[3]_i_6/O
                         net (fo=1, routed)           0.295     8.709    u_core/FSM_sequential_state[3]_i_6_n_0
    SLICE_X3Y13          LUT6 (Prop_lut6_I5_O)        0.124     8.833 r  u_core/FSM_sequential_state[3]_i_1/O
                         net (fo=4, routed)           0.472     9.305    u_core/state
    SLICE_X2Y11          FDCE                                         r  u_core/FSM_sequential_state_reg[2]/CE
  -------------------------------------------------------------------    -------------------

                         (clock sys_clk rise edge)   10.000    10.000 r  
    M18                                               0.000    10.000 r  clk (IN)
                         net (fo=0)                   0.000    10.000    clk
    M18                  IBUF (Prop_ibuf_I_O)         0.805    10.805 r  clk_IBUF_inst/O
                         net (fo=1, routed)           1.868    12.673    clk_IBUF
    BUFGCTRL_X0Y0        BUFG (Prop_bufg_I_O)         0.091    12.764 r  clk_IBUF_BUFG_inst/O
                         net (fo=66, routed)          1.516    14.280    u_core/clk_IBUF_BUFG
    SLICE_X2Y11          FDCE                                         r  u_core/FSM_sequential_state_reg[2]/C
                         clock pessimism              0.361    14.641    
                         clock uncertainty           -0.035    14.606    
    SLICE_X2Y11          FDCE (Setup_fdce_C_CE)      -0.169    14.437    u_core/FSM_sequential_state_reg[2]
  -------------------------------------------------------------------
                         required time                         14.437    
                         arrival time                          -9.305    
  -------------------------------------------------------------------
                         slack                                  5.132    

Slack (MET) :             5.132ns  (required time - arrival time)
  Source:                 u_core/FSM_sequential_state_reg[0]/C
                            (rising edge-triggered cell FDCE clocked by sys_clk  {rise@0.000ns fall@5.000ns period=10.000ns})
  Destination:            u_core/FSM_sequential_state_reg[3]/CE
                            (rising edge-triggered cell FDCE clocked by sys_clk  {rise@0.000ns fall@5.000ns period=10.000ns})
  Path Group:             sys_clk
  Path Type:              Setup (Max at Slow Process Corner)
  Requirement:            10.000ns  (sys_clk rise@10.000ns - sys_clk rise@0.000ns)
  Data Path Delay:        4.664ns  (logic 1.381ns (29.612%)  route 3.283ns (70.388%))
  Logic Levels:           4  (LUT4=1 LUT6=3)
  Clock Path Skew:        0.000ns (DCD - SCD + CPR)
    Destination Clock Delay (DCD):    4.280ns = ( 14.280 - 10.000 ) 
    Source Clock Delay      (SCD):    4.641ns
    Clock Pessimism Removal (CPR):    0.361ns
  Clock Uncertainty:      0.035ns  ((TSJ^2 + TIJ^2)^1/2 + DJ) / 2 + PE
    Total System Jitter     (TSJ):    0.071ns
    Total Input Jitter      (TIJ):    0.000ns
    Discrete Jitter          (DJ):    0.000ns
    Phase Error              (PE):    0.000ns

    Location             Delay type                Incr(ns)  Path(ns)    Netlist Resource(s)
  -------------------------------------------------------------------    -------------------
                         (clock sys_clk rise edge)    0.000     0.000 r  
    M18                                               0.000     0.000 r  clk (IN)
                         net (fo=0)                   0.000     0.000    clk
    M18                  IBUF (Prop_ibuf_I_O)         0.938     0.938 r  clk_IBUF_inst/O
                         net (fo=1, routed)           1.972     2.910    clk_IBUF
    BUFGCTRL_X0Y0        BUFG (Prop_bufg_I_O)         0.096     3.006 r  clk_IBUF_BUFG_inst/O
                         net (fo=66, routed)          1.635     4.641    u_core/clk_IBUF_BUFG
    SLICE_X2Y11          FDCE                                         r  u_core/FSM_sequential_state_reg[0]/C
  -------------------------------------------------------------------    -------------------
    SLICE_X2Y11          FDCE (Prop_fdce_C_Q)         0.478     5.119 f  u_core/FSM_sequential_state_reg[0]/Q
                         net (fo=27, routed)          1.070     6.189    u_core/state__0[0]
    SLICE_X0Y10          LUT4 (Prop_lut4_I2_O)        0.329     6.518 r  u_core/cmd_ready_OBUF_inst_i_3/O
                         net (fo=4, routed)           0.706     7.224    u_core/cmd_ready_OBUF_inst_i_3_n_0
    SLICE_X1Y10          LUT6 (Prop_lut6_I0_O)        0.326     7.550 r  u_core/latched_wdata[7]_i_1/O
                         net (fo=13, routed)          0.739     8.289    u_core/latched_rw
    SLICE_X3Y14          LUT6 (Prop_lut6_I0_O)        0.124     8.413 r  u_core/FSM_sequential_state[3]_i_6/O
                         net (fo=1, routed)           0.295     8.709    u_core/FSM_sequential_state[3]_i_6_n_0
    SLICE_X3Y13          LUT6 (Prop_lut6_I5_O)        0.124     8.833 r  u_core/FSM_sequential_state[3]_i_1/O
                         net (fo=4, routed)           0.472     9.305    u_core/state
    SLICE_X2Y11          FDCE                                         r  u_core/FSM_sequential_state_reg[3]/CE
  -------------------------------------------------------------------    -------------------

                         (clock sys_clk rise edge)   10.000    10.000 r  
    M18                                               0.000    10.000 r  clk (IN)
                         net (fo=0)                   0.000    10.000    clk
    M18                  IBUF (Prop_ibuf_I_O)         0.805    10.805 r  clk_IBUF_inst/O
                         net (fo=1, routed)           1.868    12.673    clk_IBUF
    BUFGCTRL_X0Y0        BUFG (Prop_bufg_I_O)         0.091    12.764 r  clk_IBUF_BUFG_inst/O
                         net (fo=66, routed)          1.516    14.280    u_core/clk_IBUF_BUFG
    SLICE_X2Y11          FDCE                                         r  u_core/FSM_sequential_state_reg[3]/C
                         clock pessimism              0.361    14.641    
                         clock uncertainty           -0.035    14.606    
    SLICE_X2Y11          FDCE (Setup_fdce_C_CE)      -0.169    14.437    u_core/FSM_sequential_state_reg[3]
  -------------------------------------------------------------------
                         required time                         14.437    
                         arrival time                          -9.305    
  -------------------------------------------------------------------
                         slack                                  5.132    

Slack (MET) :             5.280ns  (required time - arrival time)
  Source:                 u_core/FSM_sequential_state_reg[0]/C
                            (rising edge-triggered cell FDCE clocked by sys_clk  {rise@0.000ns fall@5.000ns period=10.000ns})
  Destination:            u_core/tx_shift_reg[2]/CE
                            (rising edge-triggered cell FDCE clocked by sys_clk  {rise@0.000ns fall@5.000ns period=10.000ns})
  Path Group:             sys_clk
  Path Type:              Setup (Max at Slow Process Corner)
  Requirement:            10.000ns  (sys_clk rise@10.000ns - sys_clk rise@0.000ns)
  Data Path Delay:        4.452ns  (logic 1.257ns (28.234%)  route 3.195ns (71.766%))
  Logic Levels:           3  (LUT4=1 LUT5=1 LUT6=1)
  Clock Path Skew:        -0.028ns (DCD - SCD + CPR)
    Destination Clock Delay (DCD):    4.277ns = ( 14.277 - 10.000 ) 
    Source Clock Delay      (SCD):    4.641ns
    Clock Pessimism Removal (CPR):    0.336ns
  Clock Uncertainty:      0.035ns  ((TSJ^2 + TIJ^2)^1/2 + DJ) / 2 + PE
    Total System Jitter     (TSJ):    0.071ns
    Total Input Jitter      (TIJ):    0.000ns
    Discrete Jitter          (DJ):    0.000ns
    Phase Error              (PE):    0.000ns

    Location             Delay type                Incr(ns)  Path(ns)    Netlist Resource(s)
  -------------------------------------------------------------------    -------------------
                         (clock sys_clk rise edge)    0.000     0.000 r  
    M18                                               0.000     0.000 r  clk (IN)
                         net (fo=0)                   0.000     0.000    clk
    M18                  IBUF (Prop_ibuf_I_O)         0.938     0.938 r  clk_IBUF_inst/O
                         net (fo=1, routed)           1.972     2.910    clk_IBUF
    BUFGCTRL_X0Y0        BUFG (Prop_bufg_I_O)         0.096     3.006 r  clk_IBUF_BUFG_inst/O
                         net (fo=66, routed)          1.635     4.641    u_core/clk_IBUF_BUFG
    SLICE_X2Y11          FDCE                                         r  u_core/FSM_sequential_state_reg[0]/C
  -------------------------------------------------------------------    -------------------
    SLICE_X2Y11          FDCE (Prop_fdce_C_Q)         0.478     5.119 f  u_core/FSM_sequential_state_reg[0]/Q
                         net (fo=27, routed)          1.070     6.189    u_core/state__0[0]
    SLICE_X0Y10          LUT4 (Prop_lut4_I2_O)        0.329     6.518 r  u_core/cmd_ready_OBUF_inst_i_3/O
                         net (fo=4, routed)           0.706     7.224    u_core/cmd_ready_OBUF_inst_i_3_n_0
    SLICE_X1Y10          LUT6 (Prop_lut6_I0_O)        0.326     7.550 r  u_core/latched_wdata[7]_i_1/O
                         net (fo=13, routed)          0.917     8.467    u_core/latched_rw
    SLICE_X2Y13          LUT5 (Prop_lut5_I0_O)        0.124     8.591 r  u_core/tx_shift[7]_i_1/O
                         net (fo=8, routed)           0.502     9.093    u_core/tx_shift_0
    SLICE_X1Y15          FDCE                                         r  u_core/tx_shift_reg[2]/CE
  -------------------------------------------------------------------    -------------------

                         (clock sys_clk rise edge)   10.000    10.000 r  
    M18                                               0.000    10.000 r  clk (IN)
                         net (fo=0)                   0.000    10.000    clk
    M18                  IBUF (Prop_ibuf_I_O)         0.805    10.805 r  clk_IBUF_inst/O
                         net (fo=1, routed)           1.868    12.673    clk_IBUF
    BUFGCTRL_X0Y0        BUFG (Prop_bufg_I_O)         0.091    12.764 r  clk_IBUF_BUFG_inst/O
                         net (fo=66, routed)          1.513    14.277    u_core/clk_IBUF_BUFG
    SLICE_X1Y15          FDCE                                         r  u_core/tx_shift_reg[2]/C
                         clock pessimism              0.336    14.613    
                         clock uncertainty           -0.035    14.578    
    SLICE_X1Y15          FDCE (Setup_fdce_C_CE)      -0.205    14.373    u_core/tx_shift_reg[2]
  -------------------------------------------------------------------
                         required time                         14.373    
                         arrival time                          -9.093    
  -------------------------------------------------------------------
                         slack                                  5.280    

Slack (MET) :             5.280ns  (required time - arrival time)
  Source:                 u_core/FSM_sequential_state_reg[0]/C
                            (rising edge-triggered cell FDCE clocked by sys_clk  {rise@0.000ns fall@5.000ns period=10.000ns})
  Destination:            u_core/tx_shift_reg[3]/CE
                            (rising edge-triggered cell FDCE clocked by sys_clk  {rise@0.000ns fall@5.000ns period=10.000ns})
  Path Group:             sys_clk
  Path Type:              Setup (Max at Slow Process Corner)
  Requirement:            10.000ns  (sys_clk rise@10.000ns - sys_clk rise@0.000ns)
  Data Path Delay:        4.452ns  (logic 1.257ns (28.234%)  route 3.195ns (71.766%))
  Logic Levels:           3  (LUT4=1 LUT5=1 LUT6=1)
  Clock Path Skew:        -0.028ns (DCD - SCD + CPR)
    Destination Clock Delay (DCD):    4.277ns = ( 14.277 - 10.000 ) 
    Source Clock Delay      (SCD):    4.641ns
    Clock Pessimism Removal (CPR):    0.336ns
  Clock Uncertainty:      0.035ns  ((TSJ^2 + TIJ^2)^1/2 + DJ) / 2 + PE
    Total System Jitter     (TSJ):    0.071ns
    Total Input Jitter      (TIJ):    0.000ns
    Discrete Jitter          (DJ):    0.000ns
    Phase Error              (PE):    0.000ns

    Location             Delay type                Incr(ns)  Path(ns)    Netlist Resource(s)
  -------------------------------------------------------------------    -------------------
                         (clock sys_clk rise edge)    0.000     0.000 r  
    M18                                               0.000     0.000 r  clk (IN)
                         net (fo=0)                   0.000     0.000    clk
    M18                  IBUF (Prop_ibuf_I_O)         0.938     0.938 r  clk_IBUF_inst/O
                         net (fo=1, routed)           1.972     2.910    clk_IBUF
    BUFGCTRL_X0Y0        BUFG (Prop_bufg_I_O)         0.096     3.006 r  clk_IBUF_BUFG_inst/O
                         net (fo=66, routed)          1.635     4.641    u_core/clk_IBUF_BUFG
    SLICE_X2Y11          FDCE                                         r  u_core/FSM_sequential_state_reg[0]/C
  -------------------------------------------------------------------    -------------------
    SLICE_X2Y11          FDCE (Prop_fdce_C_Q)         0.478     5.119 f  u_core/FSM_sequential_state_reg[0]/Q
                         net (fo=27, routed)          1.070     6.189    u_core/state__0[0]
    SLICE_X0Y10          LUT4 (Prop_lut4_I2_O)        0.329     6.518 r  u_core/cmd_ready_OBUF_inst_i_3/O
                         net (fo=4, routed)           0.706     7.224    u_core/cmd_ready_OBUF_inst_i_3_n_0
    SLICE_X1Y10          LUT6 (Prop_lut6_I0_O)        0.326     7.550 r  u_core/latched_wdata[7]_i_1/O
                         net (fo=13, routed)          0.917     8.467    u_core/latched_rw
    SLICE_X2Y13          LUT5 (Prop_lut5_I0_O)        0.124     8.591 r  u_core/tx_shift[7]_i_1/O
                         net (fo=8, routed)           0.502     9.093    u_core/tx_shift_0
    SLICE_X1Y15          FDCE                                         r  u_core/tx_shift_reg[3]/CE
  -------------------------------------------------------------------    -------------------

                         (clock sys_clk rise edge)   10.000    10.000 r  
    M18                                               0.000    10.000 r  clk (IN)
                         net (fo=0)                   0.000    10.000    clk
    M18                  IBUF (Prop_ibuf_I_O)         0.805    10.805 r  clk_IBUF_inst/O
                         net (fo=1, routed)           1.868    12.673    clk_IBUF
    BUFGCTRL_X0Y0        BUFG (Prop_bufg_I_O)         0.091    12.764 r  clk_IBUF_BUFG_inst/O
                         net (fo=66, routed)          1.513    14.277    u_core/clk_IBUF_BUFG
    SLICE_X1Y15          FDCE                                         r  u_core/tx_shift_reg[3]/C
                         clock pessimism              0.336    14.613    
                         clock uncertainty           -0.035    14.578    
    SLICE_X1Y15          FDCE (Setup_fdce_C_CE)      -0.205    14.373    u_core/tx_shift_reg[3]
  -------------------------------------------------------------------
                         required time                         14.373    
                         arrival time                          -9.093    
  -------------------------------------------------------------------
                         slack                                  5.280    

Slack (MET) :             5.280ns  (required time - arrival time)
  Source:                 u_core/FSM_sequential_state_reg[0]/C
                            (rising edge-triggered cell FDCE clocked by sys_clk  {rise@0.000ns fall@5.000ns period=10.000ns})
  Destination:            u_core/tx_shift_reg[4]/CE
                            (rising edge-triggered cell FDCE clocked by sys_clk  {rise@0.000ns fall@5.000ns period=10.000ns})
  Path Group:             sys_clk
  Path Type:              Setup (Max at Slow Process Corner)
  Requirement:            10.000ns  (sys_clk rise@10.000ns - sys_clk rise@0.000ns)
  Data Path Delay:        4.452ns  (logic 1.257ns (28.234%)  route 3.195ns (71.766%))
  Logic Levels:           3  (LUT4=1 LUT5=1 LUT6=1)
  Clock Path Skew:        -0.028ns (DCD - SCD + CPR)
    Destination Clock Delay (DCD):    4.277ns = ( 14.277 - 10.000 ) 
    Source Clock Delay      (SCD):    4.641ns
    Clock Pessimism Removal (CPR):    0.336ns
  Clock Uncertainty:      0.035ns  ((TSJ^2 + TIJ^2)^1/2 + DJ) / 2 + PE
    Total System Jitter     (TSJ):    0.071ns
    Total Input Jitter      (TIJ):    0.000ns
    Discrete Jitter          (DJ):    0.000ns
    Phase Error              (PE):    0.000ns

    Location             Delay type                Incr(ns)  Path(ns)    Netlist Resource(s)
  -------------------------------------------------------------------    -------------------
                         (clock sys_clk rise edge)    0.000     0.000 r  
    M18                                               0.000     0.000 r  clk (IN)
                         net (fo=0)                   0.000     0.000    clk
    M18                  IBUF (Prop_ibuf_I_O)         0.938     0.938 r  clk_IBUF_inst/O
                         net (fo=1, routed)           1.972     2.910    clk_IBUF
    BUFGCTRL_X0Y0        BUFG (Prop_bufg_I_O)         0.096     3.006 r  clk_IBUF_BUFG_inst/O
                         net (fo=66, routed)          1.635     4.641    u_core/clk_IBUF_BUFG
    SLICE_X2Y11          FDCE                                         r  u_core/FSM_sequential_state_reg[0]/C
  -------------------------------------------------------------------    -------------------
    SLICE_X2Y11          FDCE (Prop_fdce_C_Q)         0.478     5.119 f  u_core/FSM_sequential_state_reg[0]/Q
                         net (fo=27, routed)          1.070     6.189    u_core/state__0[0]
    SLICE_X0Y10          LUT4 (Prop_lut4_I2_O)        0.329     6.518 r  u_core/cmd_ready_OBUF_inst_i_3/O
                         net (fo=4, routed)           0.706     7.224    u_core/cmd_ready_OBUF_inst_i_3_n_0
    SLICE_X1Y10          LUT6 (Prop_lut6_I0_O)        0.326     7.550 r  u_core/latched_wdata[7]_i_1/O
                         net (fo=13, routed)          0.917     8.467    u_core/latched_rw
    SLICE_X2Y13          LUT5 (Prop_lut5_I0_O)        0.124     8.591 r  u_core/tx_shift[7]_i_1/O
                         net (fo=8, routed)           0.502     9.093    u_core/tx_shift_0
    SLICE_X1Y15          FDCE                                         r  u_core/tx_shift_reg[4]/CE
  -------------------------------------------------------------------    -------------------

                         (clock sys_clk rise edge)   10.000    10.000 r  
    M18                                               0.000    10.000 r  clk (IN)
                         net (fo=0)                   0.000    10.000    clk
    M18                  IBUF (Prop_ibuf_I_O)         0.805    10.805 r  clk_IBUF_inst/O
                         net (fo=1, routed)           1.868    12.673    clk_IBUF
    BUFGCTRL_X0Y0        BUFG (Prop_bufg_I_O)         0.091    12.764 r  clk_IBUF_BUFG_inst/O
                         net (fo=66, routed)          1.513    14.277    u_core/clk_IBUF_BUFG
    SLICE_X1Y15          FDCE                                         r  u_core/tx_shift_reg[4]/C
                         clock pessimism              0.336    14.613    
                         clock uncertainty           -0.035    14.578    
    SLICE_X1Y15          FDCE (Setup_fdce_C_CE)      -0.205    14.373    u_core/tx_shift_reg[4]
  -------------------------------------------------------------------
                         required time                         14.373    
                         arrival time                          -9.093    
  -------------------------------------------------------------------
                         slack                                  5.280    

Slack (MET) :             5.280ns  (required time - arrival time)
  Source:                 u_core/FSM_sequential_state_reg[0]/C
                            (rising edge-triggered cell FDCE clocked by sys_clk  {rise@0.000ns fall@5.000ns period=10.000ns})
  Destination:            u_core/tx_shift_reg[5]/CE
                            (rising edge-triggered cell FDCE clocked by sys_clk  {rise@0.000ns fall@5.000ns period=10.000ns})
  Path Group:             sys_clk
  Path Type:              Setup (Max at Slow Process Corner)
  Requirement:            10.000ns  (sys_clk rise@10.000ns - sys_clk rise@0.000ns)
  Data Path Delay:        4.452ns  (logic 1.257ns (28.234%)  route 3.195ns (71.766%))
  Logic Levels:           3  (LUT4=1 LUT5=1 LUT6=1)
  Clock Path Skew:        -0.028ns (DCD - SCD + CPR)
    Destination Clock Delay (DCD):    4.277ns = ( 14.277 - 10.000 ) 
    Source Clock Delay      (SCD):    4.641ns
    Clock Pessimism Removal (CPR):    0.336ns
  Clock Uncertainty:      0.035ns  ((TSJ^2 + TIJ^2)^1/2 + DJ) / 2 + PE
    Total System Jitter     (TSJ):    0.071ns
    Total Input Jitter      (TIJ):    0.000ns
    Discrete Jitter          (DJ):    0.000ns
    Phase Error              (PE):    0.000ns

    Location             Delay type                Incr(ns)  Path(ns)    Netlist Resource(s)
  -------------------------------------------------------------------    -------------------
                         (clock sys_clk rise edge)    0.000     0.000 r  
    M18                                               0.000     0.000 r  clk (IN)
                         net (fo=0)                   0.000     0.000    clk
    M18                  IBUF (Prop_ibuf_I_O)         0.938     0.938 r  clk_IBUF_inst/O
                         net (fo=1, routed)           1.972     2.910    clk_IBUF
    BUFGCTRL_X0Y0        BUFG (Prop_bufg_I_O)         0.096     3.006 r  clk_IBUF_BUFG_inst/O
                         net (fo=66, routed)          1.635     4.641    u_core/clk_IBUF_BUFG
    SLICE_X2Y11          FDCE                                         r  u_core/FSM_sequential_state_reg[0]/C
  -------------------------------------------------------------------    -------------------
    SLICE_X2Y11          FDCE (Prop_fdce_C_Q)         0.478     5.119 f  u_core/FSM_sequential_state_reg[0]/Q
                         net (fo=27, routed)          1.070     6.189    u_core/state__0[0]
    SLICE_X0Y10          LUT4 (Prop_lut4_I2_O)        0.329     6.518 r  u_core/cmd_ready_OBUF_inst_i_3/O
                         net (fo=4, routed)           0.706     7.224    u_core/cmd_ready_OBUF_inst_i_3_n_0
    SLICE_X1Y10          LUT6 (Prop_lut6_I0_O)        0.326     7.550 r  u_core/latched_wdata[7]_i_1/O
                         net (fo=13, routed)          0.917     8.467    u_core/latched_rw
    SLICE_X2Y13          LUT5 (Prop_lut5_I0_O)        0.124     8.591 r  u_core/tx_shift[7]_i_1/O
                         net (fo=8, routed)           0.502     9.093    u_core/tx_shift_0
    SLICE_X1Y15          FDCE                                         r  u_core/tx_shift_reg[5]/CE
  -------------------------------------------------------------------    -------------------

                         (clock sys_clk rise edge)   10.000    10.000 r  
    M18                                               0.000    10.000 r  clk (IN)
                         net (fo=0)                   0.000    10.000    clk
    M18                  IBUF (Prop_ibuf_I_O)         0.805    10.805 r  clk_IBUF_inst/O
                         net (fo=1, routed)           1.868    12.673    clk_IBUF
    BUFGCTRL_X0Y0        BUFG (Prop_bufg_I_O)         0.091    12.764 r  clk_IBUF_BUFG_inst/O
                         net (fo=66, routed)          1.513    14.277    u_core/clk_IBUF_BUFG
    SLICE_X1Y15          FDCE                                         r  u_core/tx_shift_reg[5]/C
                         clock pessimism              0.336    14.613    
                         clock uncertainty           -0.035    14.578    
    SLICE_X1Y15          FDCE (Setup_fdce_C_CE)      -0.205    14.373    u_core/tx_shift_reg[5]
  -------------------------------------------------------------------
                         required time                         14.373    
                         arrival time                          -9.093    
  -------------------------------------------------------------------
                         slack                                  5.280    

Slack (MET) :             5.306ns  (required time - arrival time)
  Source:                 u_core/FSM_sequential_state_reg[0]/C
                            (rising edge-triggered cell FDCE clocked by sys_clk  {rise@0.000ns fall@5.000ns period=10.000ns})
  Destination:            u_core/tx_shift_reg[6]/CE
                            (rising edge-triggered cell FDCE clocked by sys_clk  {rise@0.000ns fall@5.000ns period=10.000ns})
  Path Group:             sys_clk
  Path Type:              Setup (Max at Slow Process Corner)
  Requirement:            10.000ns  (sys_clk rise@10.000ns - sys_clk rise@0.000ns)
  Data Path Delay:        4.427ns  (logic 1.257ns (28.394%)  route 3.170ns (71.606%))
  Logic Levels:           3  (LUT4=1 LUT5=1 LUT6=1)
  Clock Path Skew:        -0.027ns (DCD - SCD + CPR)
    Destination Clock Delay (DCD):    4.278ns = ( 14.278 - 10.000 ) 
    Source Clock Delay      (SCD):    4.641ns
    Clock Pessimism Removal (CPR):    0.336ns
  Clock Uncertainty:      0.035ns  ((TSJ^2 + TIJ^2)^1/2 + DJ) / 2 + PE
    Total System Jitter     (TSJ):    0.071ns
    Total Input Jitter      (TIJ):    0.000ns
    Discrete Jitter          (DJ):    0.000ns
    Phase Error              (PE):    0.000ns

    Location             Delay type                Incr(ns)  Path(ns)    Netlist Resource(s)
  -------------------------------------------------------------------    -------------------
                         (clock sys_clk rise edge)    0.000     0.000 r  
    M18                                               0.000     0.000 r  clk (IN)
                         net (fo=0)                   0.000     0.000    clk
    M18                  IBUF (Prop_ibuf_I_O)         0.938     0.938 r  clk_IBUF_inst/O
                         net (fo=1, routed)           1.972     2.910    clk_IBUF
    BUFGCTRL_X0Y0        BUFG (Prop_bufg_I_O)         0.096     3.006 r  clk_IBUF_BUFG_inst/O
                         net (fo=66, routed)          1.635     4.641    u_core/clk_IBUF_BUFG
    SLICE_X2Y11          FDCE                                         r  u_core/FSM_sequential_state_reg[0]/C
  -------------------------------------------------------------------    -------------------
    SLICE_X2Y11          FDCE (Prop_fdce_C_Q)         0.478     5.119 f  u_core/FSM_sequential_state_reg[0]/Q
                         net (fo=27, routed)          1.070     6.189    u_core/state__0[0]
    SLICE_X0Y10          LUT4 (Prop_lut4_I2_O)        0.329     6.518 r  u_core/cmd_ready_OBUF_inst_i_3/O
                         net (fo=4, routed)           0.706     7.224    u_core/cmd_ready_OBUF_inst_i_3_n_0
    SLICE_X1Y10          LUT6 (Prop_lut6_I0_O)        0.326     7.550 r  u_core/latched_wdata[7]_i_1/O
                         net (fo=13, routed)          0.917     8.467    u_core/latched_rw
    SLICE_X2Y13          LUT5 (Prop_lut5_I0_O)        0.124     8.591 r  u_core/tx_shift[7]_i_1/O
                         net (fo=8, routed)           0.477     9.068    u_core/tx_shift_0
    SLICE_X1Y14          FDCE                                         r  u_core/tx_shift_reg[6]/CE
  -------------------------------------------------------------------    -------------------

                         (clock sys_clk rise edge)   10.000    10.000 r  
    M18                                               0.000    10.000 r  clk (IN)
                         net (fo=0)                   0.000    10.000    clk
    M18                  IBUF (Prop_ibuf_I_O)         0.805    10.805 r  clk_IBUF_inst/O
                         net (fo=1, routed)           1.868    12.673    clk_IBUF
    BUFGCTRL_X0Y0        BUFG (Prop_bufg_I_O)         0.091    12.764 r  clk_IBUF_BUFG_inst/O
                         net (fo=66, routed)          1.514    14.278    u_core/clk_IBUF_BUFG
    SLICE_X1Y14          FDCE                                         r  u_core/tx_shift_reg[6]/C
                         clock pessimism              0.336    14.614    
                         clock uncertainty           -0.035    14.579    
    SLICE_X1Y14          FDCE (Setup_fdce_C_CE)      -0.205    14.374    u_core/tx_shift_reg[6]
  -------------------------------------------------------------------
                         required time                         14.374    
                         arrival time                          -9.068    
  -------------------------------------------------------------------
                         slack                                  5.306    

Slack (MET) :             5.306ns  (required time - arrival time)
  Source:                 u_core/FSM_sequential_state_reg[0]/C
                            (rising edge-triggered cell FDCE clocked by sys_clk  {rise@0.000ns fall@5.000ns period=10.000ns})
  Destination:            u_core/tx_shift_reg[7]/CE
                            (rising edge-triggered cell FDCE clocked by sys_clk  {rise@0.000ns fall@5.000ns period=10.000ns})
  Path Group:             sys_clk
  Path Type:              Setup (Max at Slow Process Corner)
  Requirement:            10.000ns  (sys_clk rise@10.000ns - sys_clk rise@0.000ns)
  Data Path Delay:        4.427ns  (logic 1.257ns (28.394%)  route 3.170ns (71.606%))
  Logic Levels:           3  (LUT4=1 LUT5=1 LUT6=1)
  Clock Path Skew:        -0.027ns (DCD - SCD + CPR)
    Destination Clock Delay (DCD):    4.278ns = ( 14.278 - 10.000 ) 
    Source Clock Delay      (SCD):    4.641ns
    Clock Pessimism Removal (CPR):    0.336ns
  Clock Uncertainty:      0.035ns  ((TSJ^2 + TIJ^2)^1/2 + DJ) / 2 + PE
    Total System Jitter     (TSJ):    0.071ns
    Total Input Jitter      (TIJ):    0.000ns
    Discrete Jitter          (DJ):    0.000ns
    Phase Error              (PE):    0.000ns

    Location             Delay type                Incr(ns)  Path(ns)    Netlist Resource(s)
  -------------------------------------------------------------------    -------------------
                         (clock sys_clk rise edge)    0.000     0.000 r  
    M18                                               0.000     0.000 r  clk (IN)
                         net (fo=0)                   0.000     0.000    clk
    M18                  IBUF (Prop_ibuf_I_O)         0.938     0.938 r  clk_IBUF_inst/O
                         net (fo=1, routed)           1.972     2.910    clk_IBUF
    BUFGCTRL_X0Y0        BUFG (Prop_bufg_I_O)         0.096     3.006 r  clk_IBUF_BUFG_inst/O
                         net (fo=66, routed)          1.635     4.641    u_core/clk_IBUF_BUFG
    SLICE_X2Y11          FDCE                                         r  u_core/FSM_sequential_state_reg[0]/C
  -------------------------------------------------------------------    -------------------
    SLICE_X2Y11          FDCE (Prop_fdce_C_Q)         0.478     5.119 f  u_core/FSM_sequential_state_reg[0]/Q
                         net (fo=27, routed)          1.070     6.189    u_core/state__0[0]
    SLICE_X0Y10          LUT4 (Prop_lut4_I2_O)        0.329     6.518 r  u_core/cmd_ready_OBUF_inst_i_3/O
                         net (fo=4, routed)           0.706     7.224    u_core/cmd_ready_OBUF_inst_i_3_n_0
    SLICE_X1Y10          LUT6 (Prop_lut6_I0_O)        0.326     7.550 r  u_core/latched_wdata[7]_i_1/O
                         net (fo=13, routed)          0.917     8.467    u_core/latched_rw
    SLICE_X2Y13          LUT5 (Prop_lut5_I0_O)        0.124     8.591 r  u_core/tx_shift[7]_i_1/O
                         net (fo=8, routed)           0.477     9.068    u_core/tx_shift_0
    SLICE_X1Y14          FDCE                                         r  u_core/tx_shift_reg[7]/CE
  -------------------------------------------------------------------    -------------------

                         (clock sys_clk rise edge)   10.000    10.000 r  
    M18                                               0.000    10.000 r  clk (IN)
                         net (fo=0)                   0.000    10.000    clk
    M18                  IBUF (Prop_ibuf_I_O)         0.805    10.805 r  clk_IBUF_inst/O
                         net (fo=1, routed)           1.868    12.673    clk_IBUF
    BUFGCTRL_X0Y0        BUFG (Prop_bufg_I_O)         0.091    12.764 r  clk_IBUF_BUFG_inst/O
                         net (fo=66, routed)          1.514    14.278    u_core/clk_IBUF_BUFG
    SLICE_X1Y14          FDCE                                         r  u_core/tx_shift_reg[7]/C
                         clock pessimism              0.336    14.614    
                         clock uncertainty           -0.035    14.579    
    SLICE_X1Y14          FDCE (Setup_fdce_C_CE)      -0.205    14.374    u_core/tx_shift_reg[7]
  -------------------------------------------------------------------
                         required time                         14.374    
                         arrival time                          -9.068    
  -------------------------------------------------------------------
                         slack                                  5.306    

Slack (MET) :             5.312ns  (required time - arrival time)
  Source:                 u_core/FSM_sequential_state_reg[0]/C
                            (rising edge-triggered cell FDCE clocked by sys_clk  {rise@0.000ns fall@5.000ns period=10.000ns})
  Destination:            u_core/bit_index_reg[1]/CE
                            (rising edge-triggered cell FDCE clocked by sys_clk  {rise@0.000ns fall@5.000ns period=10.000ns})
  Path Group:             sys_clk
  Path Type:              Setup (Max at Slow Process Corner)
  Requirement:            10.000ns  (sys_clk rise@10.000ns - sys_clk rise@0.000ns)
  Data Path Delay:        4.404ns  (logic 1.257ns (28.540%)  route 3.147ns (71.460%))
  Logic Levels:           3  (LUT4=1 LUT6=2)
  Clock Path Skew:        -0.043ns (DCD - SCD + CPR)
    Destination Clock Delay (DCD):    4.276ns = ( 14.276 - 10.000 ) 
    Source Clock Delay      (SCD):    4.641ns
    Clock Pessimism Removal (CPR):    0.322ns
  Clock Uncertainty:      0.035ns  ((TSJ^2 + TIJ^2)^1/2 + DJ) / 2 + PE
    Total System Jitter     (TSJ):    0.071ns
    Total Input Jitter      (TIJ):    0.000ns
    Discrete Jitter          (DJ):    0.000ns
    Phase Error              (PE):    0.000ns

    Location             Delay type                Incr(ns)  Path(ns)    Netlist Resource(s)
  -------------------------------------------------------------------    -------------------
                         (clock sys_clk rise edge)    0.000     0.000 r  
    M18                                               0.000     0.000 r  clk (IN)
                         net (fo=0)                   0.000     0.000    clk
    M18                  IBUF (Prop_ibuf_I_O)         0.938     0.938 r  clk_IBUF_inst/O
                         net (fo=1, routed)           1.972     2.910    clk_IBUF
    BUFGCTRL_X0Y0        BUFG (Prop_bufg_I_O)         0.096     3.006 r  clk_IBUF_BUFG_inst/O
                         net (fo=66, routed)          1.635     4.641    u_core/clk_IBUF_BUFG
    SLICE_X2Y11          FDCE                                         r  u_core/FSM_sequential_state_reg[0]/C
  -------------------------------------------------------------------    -------------------
    SLICE_X2Y11          FDCE (Prop_fdce_C_Q)         0.478     5.119 f  u_core/FSM_sequential_state_reg[0]/Q
                         net (fo=27, routed)          1.070     6.189    u_core/state__0[0]
    SLICE_X0Y10          LUT4 (Prop_lut4_I2_O)        0.329     6.518 r  u_core/cmd_ready_OBUF_inst_i_3/O
                         net (fo=4, routed)           0.706     7.224    u_core/cmd_ready_OBUF_inst_i_3_n_0
    SLICE_X1Y10          LUT6 (Prop_lut6_I0_O)        0.326     7.550 r  u_core/latched_wdata[7]_i_1/O
                         net (fo=13, routed)          0.887     8.437    u_core/latched_rw
    SLICE_X3Y13          LUT6 (Prop_lut6_I0_O)        0.124     8.561 r  u_core/bit_index[3]_i_1/O
                         net (fo=4, routed)           0.484     9.045    u_core/bit_index
    SLICE_X4Y13          FDCE                                         r  u_core/bit_index_reg[1]/CE
  -------------------------------------------------------------------    -------------------

                         (clock sys_clk rise edge)   10.000    10.000 r  
    M18                                               0.000    10.000 r  clk (IN)
                         net (fo=0)                   0.000    10.000    clk
    M18                  IBUF (Prop_ibuf_I_O)         0.805    10.805 r  clk_IBUF_inst/O
                         net (fo=1, routed)           1.868    12.673    clk_IBUF
    BUFGCTRL_X0Y0        BUFG (Prop_bufg_I_O)         0.091    12.764 r  clk_IBUF_BUFG_inst/O
                         net (fo=66, routed)          1.512    14.276    u_core/clk_IBUF_BUFG
    SLICE_X4Y13          FDCE                                         r  u_core/bit_index_reg[1]/C
                         clock pessimism              0.322    14.598    
                         clock uncertainty           -0.035    14.563    
    SLICE_X4Y13          FDCE (Setup_fdce_C_CE)      -0.205    14.358    u_core/bit_index_reg[1]
  -------------------------------------------------------------------
                         required time                         14.358    
                         arrival time                          -9.045    
  -------------------------------------------------------------------
                         slack                                  5.312    

Slack (MET) :             5.312ns  (required time - arrival time)
  Source:                 u_core/FSM_sequential_state_reg[0]/C
                            (rising edge-triggered cell FDCE clocked by sys_clk  {rise@0.000ns fall@5.000ns period=10.000ns})
  Destination:            u_core/bit_index_reg[2]/CE
                            (rising edge-triggered cell FDCE clocked by sys_clk  {rise@0.000ns fall@5.000ns period=10.000ns})
  Path Group:             sys_clk
  Path Type:              Setup (Max at Slow Process Corner)
  Requirement:            10.000ns  (sys_clk rise@10.000ns - sys_clk rise@0.000ns)
  Data Path Delay:        4.404ns  (logic 1.257ns (28.540%)  route 3.147ns (71.460%))
  Logic Levels:           3  (LUT4=1 LUT6=2)
  Clock Path Skew:        -0.043ns (DCD - SCD + CPR)
    Destination Clock Delay (DCD):    4.276ns = ( 14.276 - 10.000 ) 
    Source Clock Delay      (SCD):    4.641ns
    Clock Pessimism Removal (CPR):    0.322ns
  Clock Uncertainty:      0.035ns  ((TSJ^2 + TIJ^2)^1/2 + DJ) / 2 + PE
    Total System Jitter     (TSJ):    0.071ns
    Total Input Jitter      (TIJ):    0.000ns
    Discrete Jitter          (DJ):    0.000ns
    Phase Error              (PE):    0.000ns

    Location             Delay type                Incr(ns)  Path(ns)    Netlist Resource(s)
  -------------------------------------------------------------------    -------------------
                         (clock sys_clk rise edge)    0.000     0.000 r  
    M18                                               0.000     0.000 r  clk (IN)
                         net (fo=0)                   0.000     0.000    clk
    M18                  IBUF (Prop_ibuf_I_O)         0.938     0.938 r  clk_IBUF_inst/O
                         net (fo=1, routed)           1.972     2.910    clk_IBUF
    BUFGCTRL_X0Y0        BUFG (Prop_bufg_I_O)         0.096     3.006 r  clk_IBUF_BUFG_inst/O
                         net (fo=66, routed)          1.635     4.641    u_core/clk_IBUF_BUFG
    SLICE_X2Y11          FDCE                                         r  u_core/FSM_sequential_state_reg[0]/C
  -------------------------------------------------------------------    -------------------
    SLICE_X2Y11          FDCE (Prop_fdce_C_Q)         0.478     5.119 f  u_core/FSM_sequential_state_reg[0]/Q
                         net (fo=27, routed)          1.070     6.189    u_core/state__0[0]
    SLICE_X0Y10          LUT4 (Prop_lut4_I2_O)        0.329     6.518 r  u_core/cmd_ready_OBUF_inst_i_3/O
                         net (fo=4, routed)           0.706     7.224    u_core/cmd_ready_OBUF_inst_i_3_n_0
    SLICE_X1Y10          LUT6 (Prop_lut6_I0_O)        0.326     7.550 r  u_core/latched_wdata[7]_i_1/O
                         net (fo=13, routed)          0.887     8.437    u_core/latched_rw
    SLICE_X3Y13          LUT6 (Prop_lut6_I0_O)        0.124     8.561 r  u_core/bit_index[3]_i_1/O
                         net (fo=4, routed)           0.484     9.045    u_core/bit_index
    SLICE_X4Y13          FDCE                                         r  u_core/bit_index_reg[2]/CE
  -------------------------------------------------------------------    -------------------

                         (clock sys_clk rise edge)   10.000    10.000 r  
    M18                                               0.000    10.000 r  clk (IN)
                         net (fo=0)                   0.000    10.000    clk
    M18                  IBUF (Prop_ibuf_I_O)         0.805    10.805 r  clk_IBUF_inst/O
                         net (fo=1, routed)           1.868    12.673    clk_IBUF
    BUFGCTRL_X0Y0        BUFG (Prop_bufg_I_O)         0.091    12.764 r  clk_IBUF_BUFG_inst/O
                         net (fo=66, routed)          1.512    14.276    u_core/clk_IBUF_BUFG
    SLICE_X4Y13          FDCE                                         r  u_core/bit_index_reg[2]/C
                         clock pessimism              0.322    14.598    
                         clock uncertainty           -0.035    14.563    
    SLICE_X4Y13          FDCE (Setup_fdce_C_CE)      -0.205    14.358    u_core/bit_index_reg[2]
  -------------------------------------------------------------------
                         required time                         14.358    
                         arrival time                          -9.045    
  -------------------------------------------------------------------
                         slack                                  5.312    

Slack (MET) :             5.312ns  (required time - arrival time)
  Source:                 u_core/FSM_sequential_state_reg[0]/C
                            (rising edge-triggered cell FDCE clocked by sys_clk  {rise@0.000ns fall@5.000ns period=10.000ns})
  Destination:            u_core/bit_index_reg[3]/CE
                            (rising edge-triggered cell FDCE clocked by sys_clk  {rise@0.000ns fall@5.000ns period=10.000ns})
  Path Group:             sys_clk
  Path Type:              Setup (Max at Slow Process Corner)
  Requirement:            10.000ns  (sys_clk rise@10.000ns - sys_clk rise@0.000ns)
  Data Path Delay:        4.404ns  (logic 1.257ns (28.540%)  route 3.147ns (71.460%))
  Logic Levels:           3  (LUT4=1 LUT6=2)
  Clock Path Skew:        -0.043ns (DCD - SCD + CPR)
    Destination Clock Delay (DCD):    4.276ns = ( 14.276 - 10.000 ) 
    Source Clock Delay      (SCD):    4.641ns
    Clock Pessimism Removal (CPR):    0.322ns
  Clock Uncertainty:      0.035ns  ((TSJ^2 + TIJ^2)^1/2 + DJ) / 2 + PE
    Total System Jitter     (TSJ):    0.071ns
    Total Input Jitter      (TIJ):    0.000ns
    Discrete Jitter          (DJ):    0.000ns
    Phase Error              (PE):    0.000ns

    Location             Delay type                Incr(ns)  Path(ns)    Netlist Resource(s)
  -------------------------------------------------------------------    -------------------
                         (clock sys_clk rise edge)    0.000     0.000 r  
    M18                                               0.000     0.000 r  clk (IN)
                         net (fo=0)                   0.000     0.000    clk
    M18                  IBUF (Prop_ibuf_I_O)         0.938     0.938 r  clk_IBUF_inst/O
                         net (fo=1, routed)           1.972     2.910    clk_IBUF
    BUFGCTRL_X0Y0        BUFG (Prop_bufg_I_O)         0.096     3.006 r  clk_IBUF_BUFG_inst/O
                         net (fo=66, routed)          1.635     4.641    u_core/clk_IBUF_BUFG
    SLICE_X2Y11          FDCE                                         r  u_core/FSM_sequential_state_reg[0]/C
  -------------------------------------------------------------------    -------------------
    SLICE_X2Y11          FDCE (Prop_fdce_C_Q)         0.478     5.119 f  u_core/FSM_sequential_state_reg[0]/Q
                         net (fo=27, routed)          1.070     6.189    u_core/state__0[0]
    SLICE_X0Y10          LUT4 (Prop_lut4_I2_O)        0.329     6.518 r  u_core/cmd_ready_OBUF_inst_i_3/O
                         net (fo=4, routed)           0.706     7.224    u_core/cmd_ready_OBUF_inst_i_3_n_0
    SLICE_X1Y10          LUT6 (Prop_lut6_I0_O)        0.326     7.550 r  u_core/latched_wdata[7]_i_1/O
                         net (fo=13, routed)          0.887     8.437    u_core/latched_rw
    SLICE_X3Y13          LUT6 (Prop_lut6_I0_O)        0.124     8.561 r  u_core/bit_index[3]_i_1/O
                         net (fo=4, routed)           0.484     9.045    u_core/bit_index
    SLICE_X4Y13          FDCE                                         r  u_core/bit_index_reg[3]/CE
  -------------------------------------------------------------------    -------------------

                         (clock sys_clk rise edge)   10.000    10.000 r  
    M18                                               0.000    10.000 r  clk (IN)
                         net (fo=0)                   0.000    10.000    clk
    M18                  IBUF (Prop_ibuf_I_O)         0.805    10.805 r  clk_IBUF_inst/O
                         net (fo=1, routed)           1.868    12.673    clk_IBUF
    BUFGCTRL_X0Y0        BUFG (Prop_bufg_I_O)         0.091    12.764 r  clk_IBUF_BUFG_inst/O
                         net (fo=66, routed)          1.512    14.276    u_core/clk_IBUF_BUFG
    SLICE_X4Y13          FDCE                                         r  u_core/bit_index_reg[3]/C
                         clock pessimism              0.322    14.598    
                         clock uncertainty           -0.035    14.563    
    SLICE_X4Y13          FDCE (Setup_fdce_C_CE)      -0.205    14.358    u_core/bit_index_reg[3]
  -------------------------------------------------------------------
                         required time                         14.358    
                         arrival time                          -9.045    
  -------------------------------------------------------------------
                         slack                                  5.312    

Slack (MET) :             5.466ns  (required time - arrival time)
  Source:                 u_core/FSM_sequential_state_reg[0]/C
                            (rising edge-triggered cell FDCE clocked by sys_clk  {rise@0.000ns fall@5.000ns period=10.000ns})
  Destination:            u_core/tx_shift_reg[0]/CE
                            (rising edge-triggered cell FDCE clocked by sys_clk  {rise@0.000ns fall@5.000ns period=10.000ns})
  Path Group:             sys_clk
  Path Type:              Setup (Max at Slow Process Corner)
  Requirement:            10.000ns  (sys_clk rise@10.000ns - sys_clk rise@0.000ns)
  Data Path Delay:        4.303ns  (logic 1.257ns (29.212%)  route 3.046ns (70.788%))
  Logic Levels:           3  (LUT4=1 LUT5=1 LUT6=1)
  Clock Path Skew:        -0.027ns (DCD - SCD + CPR)
    Destination Clock Delay (DCD):    4.278ns = ( 14.278 - 10.000 ) 
    Source Clock Delay      (SCD):    4.641ns
    Clock Pessimism Removal (CPR):    0.336ns
  Clock Uncertainty:      0.035ns  ((TSJ^2 + TIJ^2)^1/2 + DJ) / 2 + PE
    Total System Jitter     (TSJ):    0.071ns
    Total Input Jitter      (TIJ):    0.000ns
    Discrete Jitter          (DJ):    0.000ns
    Phase Error              (PE):    0.000ns

    Location             Delay type                Incr(ns)  Path(ns)    Netlist Resource(s)
  -------------------------------------------------------------------    -------------------
                         (clock sys_clk rise edge)    0.000     0.000 r  
    M18                                               0.000     0.000 r  clk (IN)
                         net (fo=0)                   0.000     0.000    clk
    M18                  IBUF (Prop_ibuf_I_O)         0.938     0.938 r  clk_IBUF_inst/O
                         net (fo=1, routed)           1.972     2.910    clk_IBUF
    BUFGCTRL_X0Y0        BUFG (Prop_bufg_I_O)         0.096     3.006 r  clk_IBUF_BUFG_inst/O
                         net (fo=66, routed)          1.635     4.641    u_core/clk_IBUF_BUFG
    SLICE_X2Y11          FDCE                                         r  u_core/FSM_sequential_state_reg[0]/C
  -------------------------------------------------------------------    -------------------
    SLICE_X2Y11          FDCE (Prop_fdce_C_Q)         0.478     5.119 f  u_core/FSM_sequential_state_reg[0]/Q
                         net (fo=27, routed)          1.070     6.189    u_core/state__0[0]
    SLICE_X0Y10          LUT4 (Prop_lut4_I2_O)        0.329     6.518 r  u_core/cmd_ready_OBUF_inst_i_3/O
                         net (fo=4, routed)           0.706     7.224    u_core/cmd_ready_OBUF_inst_i_3_n_0
    SLICE_X1Y10          LUT6 (Prop_lut6_I0_O)        0.326     7.550 r  u_core/latched_wdata[7]_i_1/O
                         net (fo=13, routed)          0.917     8.467    u_core/latched_rw
    SLICE_X2Y13          LUT5 (Prop_lut5_I0_O)        0.124     8.591 r  u_core/tx_shift[7]_i_1/O
                         net (fo=8, routed)           0.353     8.944    u_core/tx_shift_0
    SLICE_X2Y14          FDCE                                         r  u_core/tx_shift_reg[0]/CE
  -------------------------------------------------------------------    -------------------

                         (clock sys_clk rise edge)   10.000    10.000 r  
    M18                                               0.000    10.000 r  clk (IN)
                         net (fo=0)                   0.000    10.000    clk
    M18                  IBUF (Prop_ibuf_I_O)         0.805    10.805 r  clk_IBUF_inst/O
                         net (fo=1, routed)           1.868    12.673    clk_IBUF
    BUFGCTRL_X0Y0        BUFG (Prop_bufg_I_O)         0.091    12.764 r  clk_IBUF_BUFG_inst/O
                         net (fo=66, routed)          1.514    14.278    u_core/clk_IBUF_BUFG
    SLICE_X2Y14          FDCE                                         r  u_core/tx_shift_reg[0]/C
                         clock pessimism              0.336    14.614    
                         clock uncertainty           -0.035    14.579    
    SLICE_X2Y14          FDCE (Setup_fdce_C_CE)      -0.169    14.410    u_core/tx_shift_reg[0]
  -------------------------------------------------------------------
                         required time                         14.410    
                         arrival time                          -8.944    
  -------------------------------------------------------------------
                         slack                                  5.466    

Slack (MET) :             5.466ns  (required time - arrival time)
  Source:                 u_core/FSM_sequential_state_reg[0]/C
                            (rising edge-triggered cell FDCE clocked by sys_clk  {rise@0.000ns fall@5.000ns period=10.000ns})
  Destination:            u_core/tx_shift_reg[1]/CE
                            (rising edge-triggered cell FDCE clocked by sys_clk  {rise@0.000ns fall@5.000ns period=10.000ns})
  Path Group:             sys_clk
  Path Type:              Setup (Max at Slow Process Corner)
  Requirement:            10.000ns  (sys_clk rise@10.000ns - sys_clk rise@0.000ns)
  Data Path Delay:        4.303ns  (logic 1.257ns (29.212%)  route 3.046ns (70.788%))
  Logic Levels:           3  (LUT4=1 LUT5=1 LUT6=1)
  Clock Path Skew:        -0.027ns (DCD - SCD + CPR)
    Destination Clock Delay (DCD):    4.278ns = ( 14.278 - 10.000 ) 
    Source Clock Delay      (SCD):    4.641ns
    Clock Pessimism Removal (CPR):    0.336ns
  Clock Uncertainty:      0.035ns  ((TSJ^2 + TIJ^2)^1/2 + DJ) / 2 + PE
    Total System Jitter     (TSJ):    0.071ns
    Total Input Jitter      (TIJ):    0.000ns
    Discrete Jitter          (DJ):    0.000ns
    Phase Error              (PE):    0.000ns

    Location             Delay type                Incr(ns)  Path(ns)    Netlist Resource(s)
  -------------------------------------------------------------------    -------------------
                         (clock sys_clk rise edge)    0.000     0.000 r  
    M18                                               0.000     0.000 r  clk (IN)
                         net (fo=0)                   0.000     0.000    clk
    M18                  IBUF (Prop_ibuf_I_O)         0.938     0.938 r  clk_IBUF_inst/O
                         net (fo=1, routed)           1.972     2.910    clk_IBUF
    BUFGCTRL_X0Y0        BUFG (Prop_bufg_I_O)         0.096     3.006 r  clk_IBUF_BUFG_inst/O
                         net (fo=66, routed)          1.635     4.641    u_core/clk_IBUF_BUFG
    SLICE_X2Y11          FDCE                                         r  u_core/FSM_sequential_state_reg[0]/C
  -------------------------------------------------------------------    -------------------
    SLICE_X2Y11          FDCE (Prop_fdce_C_Q)         0.478     5.119 f  u_core/FSM_sequential_state_reg[0]/Q
                         net (fo=27, routed)          1.070     6.189    u_core/state__0[0]
    SLICE_X0Y10          LUT4 (Prop_lut4_I2_O)        0.329     6.518 r  u_core/cmd_ready_OBUF_inst_i_3/O
                         net (fo=4, routed)           0.706     7.224    u_core/cmd_ready_OBUF_inst_i_3_n_0
    SLICE_X1Y10          LUT6 (Prop_lut6_I0_O)        0.326     7.550 r  u_core/latched_wdata[7]_i_1/O
                         net (fo=13, routed)          0.917     8.467    u_core/latched_rw
    SLICE_X2Y13          LUT5 (Prop_lut5_I0_O)        0.124     8.591 r  u_core/tx_shift[7]_i_1/O
                         net (fo=8, routed)           0.353     8.944    u_core/tx_shift_0
    SLICE_X2Y14          FDCE                                         r  u_core/tx_shift_reg[1]/CE
  -------------------------------------------------------------------    -------------------

                         (clock sys_clk rise edge)   10.000    10.000 r  
    M18                                               0.000    10.000 r  clk (IN)
                         net (fo=0)                   0.000    10.000    clk
    M18                  IBUF (Prop_ibuf_I_O)         0.805    10.805 r  clk_IBUF_inst/O
                         net (fo=1, routed)           1.868    12.673    clk_IBUF
    BUFGCTRL_X0Y0        BUFG (Prop_bufg_I_O)         0.091    12.764 r  clk_IBUF_BUFG_inst/O
                         net (fo=66, routed)          1.514    14.278    u_core/clk_IBUF_BUFG
    SLICE_X2Y14          FDCE                                         r  u_core/tx_shift_reg[1]/C
                         clock pessimism              0.336    14.614    
                         clock uncertainty           -0.035    14.579    
    SLICE_X2Y14          FDCE (Setup_fdce_C_CE)      -0.169    14.410    u_core/tx_shift_reg[1]
  -------------------------------------------------------------------
                         required time                         14.410    
                         arrival time                          -8.944    
  -------------------------------------------------------------------
                         slack                                  5.466    

Slack (MET) :             5.468ns  (required time - arrival time)
  Source:                 u_core/FSM_sequential_state_reg[0]/C
                            (rising edge-triggered cell FDCE clocked by sys_clk  {rise@0.000ns fall@5.000ns period=10.000ns})
  Destination:            u_core/bit_index_reg[0]/CE
                            (rising edge-triggered cell FDCE clocked by sys_clk  {rise@0.000ns fall@5.000ns period=10.000ns})
  Path Group:             sys_clk
  Path Type:              Setup (Max at Slow Process Corner)
  Requirement:            10.000ns  (sys_clk rise@10.000ns - sys_clk rise@0.000ns)
  Data Path Delay:        4.264ns  (logic 1.257ns (29.477%)  route 3.007ns (70.523%))
  Logic Levels:           3  (LUT4=1 LUT6=2)
  Clock Path Skew:        -0.027ns (DCD - SCD + CPR)
    Destination Clock Delay (DCD):    4.278ns = ( 14.278 - 10.000 ) 
    Source Clock Delay      (SCD):    4.641ns
    Clock Pessimism Removal (CPR):    0.336ns
  Clock Uncertainty:      0.035ns  ((TSJ^2 + TIJ^2)^1/2 + DJ) / 2 + PE
    Total System Jitter     (TSJ):    0.071ns
    Total Input Jitter      (TIJ):    0.000ns
    Discrete Jitter          (DJ):    0.000ns
    Phase Error              (PE):    0.000ns

    Location             Delay type                Incr(ns)  Path(ns)    Netlist Resource(s)
  -------------------------------------------------------------------    -------------------
                         (clock sys_clk rise edge)    0.000     0.000 r  
    M18                                               0.000     0.000 r  clk (IN)
                         net (fo=0)                   0.000     0.000    clk
    M18                  IBUF (Prop_ibuf_I_O)         0.938     0.938 r  clk_IBUF_inst/O
                         net (fo=1, routed)           1.972     2.910    clk_IBUF
    BUFGCTRL_X0Y0        BUFG (Prop_bufg_I_O)         0.096     3.006 r  clk_IBUF_BUFG_inst/O
                         net (fo=66, routed)          1.635     4.641    u_core/clk_IBUF_BUFG
    SLICE_X2Y11          FDCE                                         r  u_core/FSM_sequential_state_reg[0]/C
  -------------------------------------------------------------------    -------------------
    SLICE_X2Y11          FDCE (Prop_fdce_C_Q)         0.478     5.119 f  u_core/FSM_sequential_state_reg[0]/Q
                         net (fo=27, routed)          1.070     6.189    u_core/state__0[0]
    SLICE_X0Y10          LUT4 (Prop_lut4_I2_O)        0.329     6.518 r  u_core/cmd_ready_OBUF_inst_i_3/O
                         net (fo=4, routed)           0.706     7.224    u_core/cmd_ready_OBUF_inst_i_3_n_0
    SLICE_X1Y10          LUT6 (Prop_lut6_I0_O)        0.326     7.550 r  u_core/latched_wdata[7]_i_1/O
                         net (fo=13, routed)          0.887     8.437    u_core/latched_rw
    SLICE_X3Y13          LUT6 (Prop_lut6_I0_O)        0.124     8.561 r  u_core/bit_index[3]_i_1/O
                         net (fo=4, routed)           0.344     8.905    u_core/bit_index
    SLICE_X3Y14          FDCE                                         r  u_core/bit_index_reg[0]/CE
  -------------------------------------------------------------------    -------------------

                         (clock sys_clk rise edge)   10.000    10.000 r  
    M18                                               0.000    10.000 r  clk (IN)
                         net (fo=0)                   0.000    10.000    clk
    M18                  IBUF (Prop_ibuf_I_O)         0.805    10.805 r  clk_IBUF_inst/O
                         net (fo=1, routed)           1.868    12.673    clk_IBUF
    BUFGCTRL_X0Y0        BUFG (Prop_bufg_I_O)         0.091    12.764 r  clk_IBUF_BUFG_inst/O
                         net (fo=66, routed)          1.514    14.278    u_core/clk_IBUF_BUFG
    SLICE_X3Y14          FDCE                                         r  u_core/bit_index_reg[0]/C
                         clock pessimism              0.336    14.614    
                         clock uncertainty           -0.035    14.579    
    SLICE_X3Y14          FDCE (Setup_fdce_C_CE)      -0.205    14.374    u_core/bit_index_reg[0]
  -------------------------------------------------------------------
                         required time                         14.374    
                         arrival time                          -8.905    
  -------------------------------------------------------------------
                         slack                                  5.468    

Slack (MET) :             5.499ns  (required time - arrival time)
  Source:                 u_core/timing_counter_reg[5]/C
                            (rising edge-triggered cell FDCE clocked by sys_clk  {rise@0.000ns fall@5.000ns period=10.000ns})
  Destination:            u_core/rx_shift_reg[4]/D
                            (rising edge-triggered cell FDCE clocked by sys_clk  {rise@0.000ns fall@5.000ns period=10.000ns})
  Path Group:             sys_clk
  Path Type:              Setup (Max at Slow Process Corner)
  Requirement:            10.000ns  (sys_clk rise@10.000ns - sys_clk rise@0.000ns)
  Data Path Delay:        4.456ns  (logic 1.421ns (31.892%)  route 3.035ns (68.108%))
  Logic Levels:           4  (LUT2=1 LUT5=1 LUT6=2)
  Clock Path Skew:        -0.041ns (DCD - SCD + CPR)
    Destination Clock Delay (DCD):    4.277ns = ( 14.277 - 10.000 ) 
    Source Clock Delay      (SCD):    4.640ns
    Clock Pessimism Removal (CPR):    0.322ns
  Clock Uncertainty:      0.035ns  ((TSJ^2 + TIJ^2)^1/2 + DJ) / 2 + PE
    Total System Jitter     (TSJ):    0.071ns
    Total Input Jitter      (TIJ):    0.000ns
    Discrete Jitter          (DJ):    0.000ns
    Phase Error              (PE):    0.000ns

    Location             Delay type                Incr(ns)  Path(ns)    Netlist Resource(s)
  -------------------------------------------------------------------    -------------------
                         (clock sys_clk rise edge)    0.000     0.000 r  
    M18                                               0.000     0.000 r  clk (IN)
                         net (fo=0)                   0.000     0.000    clk
    M18                  IBUF (Prop_ibuf_I_O)         0.938     0.938 r  clk_IBUF_inst/O
                         net (fo=1, routed)           1.972     2.910    clk_IBUF
    BUFGCTRL_X0Y0        BUFG (Prop_bufg_I_O)         0.096     3.006 r  clk_IBUF_BUFG_inst/O
                         net (fo=66, routed)          1.634     4.640    u_core/clk_IBUF_BUFG
    SLICE_X1Y12          FDCE                                         r  u_core/timing_counter_reg[5]/C
  -------------------------------------------------------------------    -------------------
    SLICE_X1Y12          FDCE (Prop_fdce_C_Q)         0.456     5.096 f  u_core/timing_counter_reg[5]/Q
                         net (fo=5, routed)           0.960     6.056    u_core/sel0[5]
    SLICE_X2Y11          LUT5 (Prop_lut5_I4_O)        0.153     6.209 r  u_core/rx_shift[3]_i_4/O
                         net (fo=1, routed)           0.612     6.821    u_core/rx_shift[3]_i_4_n_0
    SLICE_X2Y10          LUT6 (Prop_lut6_I0_O)        0.331     7.152 r  u_core/rx_shift[3]_i_2/O
                         net (fo=5, routed)           0.999     8.151    u_core/rx_shift[3]_i_2_n_0
    SLICE_X5Y12          LUT2 (Prop_lut2_I0_O)        0.149     8.300 r  u_core/rx_shift[7]_i_4/O
                         net (fo=4, routed)           0.464     8.764    u_core/rx_shift[7]_i_4_n_0
    SLICE_X5Y12          LUT6 (Prop_lut6_I2_O)        0.332     9.096 r  u_core/rx_shift[4]_i_1/O
                         net (fo=1, routed)           0.000     9.096    u_core/rx_shift[4]_i_1_n_0
    SLICE_X5Y12          FDCE                                         r  u_core/rx_shift_reg[4]/D
  -------------------------------------------------------------------    -------------------

                         (clock sys_clk rise edge)   10.000    10.000 r  
    M18                                               0.000    10.000 r  clk (IN)
                         net (fo=0)                   0.000    10.000    clk
    M18                  IBUF (Prop_ibuf_I_O)         0.805    10.805 r  clk_IBUF_inst/O
                         net (fo=1, routed)           1.868    12.673    clk_IBUF
    BUFGCTRL_X0Y0        BUFG (Prop_bufg_I_O)         0.091    12.764 r  clk_IBUF_BUFG_inst/O
                         net (fo=66, routed)          1.513    14.277    u_core/clk_IBUF_BUFG
    SLICE_X5Y12          FDCE                                         r  u_core/rx_shift_reg[4]/C
                         clock pessimism              0.322    14.599    
                         clock uncertainty           -0.035    14.564    
    SLICE_X5Y12          FDCE (Setup_fdce_C_D)        0.031    14.595    u_core/rx_shift_reg[4]
  -------------------------------------------------------------------
                         required time                         14.595    
                         arrival time                          -9.096    
  -------------------------------------------------------------------
                         slack                                  5.499    

Slack (MET) :             5.502ns  (required time - arrival time)
  Source:                 u_core/timing_counter_reg[5]/C
                            (rising edge-triggered cell FDCE clocked by sys_clk  {rise@0.000ns fall@5.000ns period=10.000ns})
  Destination:            u_core/rx_shift_reg[5]/D
                            (rising edge-triggered cell FDCE clocked by sys_clk  {rise@0.000ns fall@5.000ns period=10.000ns})
  Path Group:             sys_clk
  Path Type:              Setup (Max at Slow Process Corner)
  Requirement:            10.000ns  (sys_clk rise@10.000ns - sys_clk rise@0.000ns)
  Data Path Delay:        4.452ns  (logic 1.421ns (31.916%)  route 3.031ns (68.084%))
  Logic Levels:           4  (LUT2=1 LUT5=1 LUT6=2)
  Clock Path Skew:        -0.041ns (DCD - SCD + CPR)
    Destination Clock Delay (DCD):    4.277ns = ( 14.277 - 10.000 ) 
    Source Clock Delay      (SCD):    4.640ns
    Clock Pessimism Removal (CPR):    0.322ns
  Clock Uncertainty:      0.035ns  ((TSJ^2 + TIJ^2)^1/2 + DJ) / 2 + PE
    Total System Jitter     (TSJ):    0.071ns
    Total Input Jitter      (TIJ):    0.000ns
    Discrete Jitter          (DJ):    0.000ns
    Phase Error              (PE):    0.000ns

    Location             Delay type                Incr(ns)  Path(ns)    Netlist Resource(s)
  -------------------------------------------------------------------    -------------------
                         (clock sys_clk rise edge)    0.000     0.000 r  
    M18                                               0.000     0.000 r  clk (IN)
                         net (fo=0)                   0.000     0.000    clk
    M18                  IBUF (Prop_ibuf_I_O)         0.938     0.938 r  clk_IBUF_inst/O
                         net (fo=1, routed)           1.972     2.910    clk_IBUF
    BUFGCTRL_X0Y0        BUFG (Prop_bufg_I_O)         0.096     3.006 r  clk_IBUF_BUFG_inst/O
                         net (fo=66, routed)          1.634     4.640    u_core/clk_IBUF_BUFG
    SLICE_X1Y12          FDCE                                         r  u_core/timing_counter_reg[5]/C
  -------------------------------------------------------------------    -------------------
    SLICE_X1Y12          FDCE (Prop_fdce_C_Q)         0.456     5.096 f  u_core/timing_counter_reg[5]/Q
                         net (fo=5, routed)           0.960     6.056    u_core/sel0[5]
    SLICE_X2Y11          LUT5 (Prop_lut5_I4_O)        0.153     6.209 r  u_core/rx_shift[3]_i_4/O
                         net (fo=1, routed)           0.612     6.821    u_core/rx_shift[3]_i_4_n_0
    SLICE_X2Y10          LUT6 (Prop_lut6_I0_O)        0.331     7.152 r  u_core/rx_shift[3]_i_2/O
                         net (fo=5, routed)           0.999     8.151    u_core/rx_shift[3]_i_2_n_0
    SLICE_X5Y12          LUT2 (Prop_lut2_I0_O)        0.149     8.300 r  u_core/rx_shift[7]_i_4/O
                         net (fo=4, routed)           0.461     8.760    u_core/rx_shift[7]_i_4_n_0
    SLICE_X4Y12          LUT6 (Prop_lut6_I2_O)        0.332     9.092 r  u_core/rx_shift[5]_i_1/O
                         net (fo=1, routed)           0.000     9.092    u_core/rx_shift[5]_i_1_n_0
    SLICE_X4Y12          FDCE                                         r  u_core/rx_shift_reg[5]/D
  -------------------------------------------------------------------    -------------------

                         (clock sys_clk rise edge)   10.000    10.000 r  
    M18                                               0.000    10.000 r  clk (IN)
                         net (fo=0)                   0.000    10.000    clk
    M18                  IBUF (Prop_ibuf_I_O)         0.805    10.805 r  clk_IBUF_inst/O
                         net (fo=1, routed)           1.868    12.673    clk_IBUF
    BUFGCTRL_X0Y0        BUFG (Prop_bufg_I_O)         0.091    12.764 r  clk_IBUF_BUFG_inst/O
                         net (fo=66, routed)          1.513    14.277    u_core/clk_IBUF_BUFG
    SLICE_X4Y12          FDCE                                         r  u_core/rx_shift_reg[5]/C
                         clock pessimism              0.322    14.599    
                         clock uncertainty           -0.035    14.564    
    SLICE_X4Y12          FDCE (Setup_fdce_C_D)        0.031    14.595    u_core/rx_shift_reg[5]
  -------------------------------------------------------------------
                         required time                         14.595    
                         arrival time                          -9.092    
  -------------------------------------------------------------------
                         slack                                  5.502    

Slack (MET) :             5.508ns  (required time - arrival time)
  Source:                 u_core/timing_counter_reg[5]/C
                            (rising edge-triggered cell FDCE clocked by sys_clk  {rise@0.000ns fall@5.000ns period=10.000ns})
  Destination:            u_core/rx_shift_reg[6]/D
                            (rising edge-triggered cell FDCE clocked by sys_clk  {rise@0.000ns fall@5.000ns period=10.000ns})
  Path Group:             sys_clk
  Path Type:              Setup (Max at Slow Process Corner)
  Requirement:            10.000ns  (sys_clk rise@10.000ns - sys_clk rise@0.000ns)
  Data Path Delay:        4.448ns  (logic 1.421ns (31.949%)  route 3.027ns (68.051%))
  Logic Levels:           4  (LUT2=1 LUT5=1 LUT6=2)
  Clock Path Skew:        -0.041ns (DCD - SCD + CPR)
    Destination Clock Delay (DCD):    4.277ns = ( 14.277 - 10.000 ) 
    Source Clock Delay      (SCD):    4.640ns
    Clock Pessimism Removal (CPR):    0.322ns
  Clock Uncertainty:      0.035ns  ((TSJ^2 + TIJ^2)^1/2 + DJ) / 2 + PE
    Total System Jitter     (TSJ):    0.071ns
    Total Input Jitter      (TIJ):    0.000ns
    Discrete Jitter          (DJ):    0.000ns
    Phase Error              (PE):    0.000ns

    Location             Delay type                Incr(ns)  Path(ns)    Netlist Resource(s)
  -------------------------------------------------------------------    -------------------
                         (clock sys_clk rise edge)    0.000     0.000 r  
    M18                                               0.000     0.000 r  clk (IN)
                         net (fo=0)                   0.000     0.000    clk
    M18                  IBUF (Prop_ibuf_I_O)         0.938     0.938 r  clk_IBUF_inst/O
                         net (fo=1, routed)           1.972     2.910    clk_IBUF
    BUFGCTRL_X0Y0        BUFG (Prop_bufg_I_O)         0.096     3.006 r  clk_IBUF_BUFG_inst/O
                         net (fo=66, routed)          1.634     4.640    u_core/clk_IBUF_BUFG
    SLICE_X1Y12          FDCE                                         r  u_core/timing_counter_reg[5]/C
  -------------------------------------------------------------------    -------------------
    SLICE_X1Y12          FDCE (Prop_fdce_C_Q)         0.456     5.096 f  u_core/timing_counter_reg[5]/Q
                         net (fo=5, routed)           0.960     6.056    u_core/sel0[5]
    SLICE_X2Y11          LUT5 (Prop_lut5_I4_O)        0.153     6.209 r  u_core/rx_shift[3]_i_4/O
                         net (fo=1, routed)           0.612     6.821    u_core/rx_shift[3]_i_4_n_0
    SLICE_X2Y10          LUT6 (Prop_lut6_I0_O)        0.331     7.152 r  u_core/rx_shift[3]_i_2/O
                         net (fo=5, routed)           0.999     8.151    u_core/rx_shift[3]_i_2_n_0
    SLICE_X5Y12          LUT2 (Prop_lut2_I0_O)        0.149     8.300 r  u_core/rx_shift[7]_i_4/O
                         net (fo=4, routed)           0.456     8.756    u_core/rx_shift[7]_i_4_n_0
    SLICE_X4Y12          LUT6 (Prop_lut6_I2_O)        0.332     9.088 r  u_core/rx_shift[6]_i_1/O
                         net (fo=1, routed)           0.000     9.088    u_core/rx_shift[6]_i_1_n_0
    SLICE_X4Y12          FDCE                                         r  u_core/rx_shift_reg[6]/D
  -------------------------------------------------------------------    -------------------

                         (clock sys_clk rise edge)   10.000    10.000 r  
    M18                                               0.000    10.000 r  clk (IN)
                         net (fo=0)                   0.000    10.000    clk
    M18                  IBUF (Prop_ibuf_I_O)         0.805    10.805 r  clk_IBUF_inst/O
                         net (fo=1, routed)           1.868    12.673    clk_IBUF
    BUFGCTRL_X0Y0        BUFG (Prop_bufg_I_O)         0.091    12.764 r  clk_IBUF_BUFG_inst/O
                         net (fo=66, routed)          1.513    14.277    u_core/clk_IBUF_BUFG
    SLICE_X4Y12          FDCE                                         r  u_core/rx_shift_reg[6]/C
                         clock pessimism              0.322    14.599    
                         clock uncertainty           -0.035    14.564    
    SLICE_X4Y12          FDCE (Setup_fdce_C_D)        0.032    14.596    u_core/rx_shift_reg[6]
  -------------------------------------------------------------------
                         required time                         14.596    
                         arrival time                          -9.088    
  -------------------------------------------------------------------
                         slack                                  5.508    

Slack (MET) :             5.570ns  (required time - arrival time)
  Source:                 u_core/FSM_sequential_state_reg[1]/C
                            (rising edge-triggered cell FDCE clocked by sys_clk  {rise@0.000ns fall@5.000ns period=10.000ns})
  Destination:            u_core/bus_free_counter_reg[2]/CE
                            (rising edge-triggered cell FDCE clocked by sys_clk  {rise@0.000ns fall@5.000ns period=10.000ns})
  Path Group:             sys_clk
  Path Type:              Setup (Max at Slow Process Corner)
  Requirement:            10.000ns  (sys_clk rise@10.000ns - sys_clk rise@0.000ns)
  Data Path Delay:        4.201ns  (logic 0.996ns (23.706%)  route 3.205ns (76.294%))
  Logic Levels:           2  (LUT2=1 LUT6=1)
  Clock Path Skew:        -0.024ns (DCD - SCD + CPR)
    Destination Clock Delay (DCD):    4.281ns = ( 14.281 - 10.000 ) 
    Source Clock Delay      (SCD):    4.641ns
    Clock Pessimism Removal (CPR):    0.336ns
  Clock Uncertainty:      0.035ns  ((TSJ^2 + TIJ^2)^1/2 + DJ) / 2 + PE
    Total System Jitter     (TSJ):    0.071ns
    Total Input Jitter      (TIJ):    0.000ns
    Discrete Jitter          (DJ):    0.000ns
    Phase Error              (PE):    0.000ns

    Location             Delay type                Incr(ns)  Path(ns)    Netlist Resource(s)
  -------------------------------------------------------------------    -------------------
                         (clock sys_clk rise edge)    0.000     0.000 r  
    M18                                               0.000     0.000 r  clk (IN)
                         net (fo=0)                   0.000     0.000    clk
    M18                  IBUF (Prop_ibuf_I_O)         0.938     0.938 r  clk_IBUF_inst/O
                         net (fo=1, routed)           1.972     2.910    clk_IBUF
    BUFGCTRL_X0Y0        BUFG (Prop_bufg_I_O)         0.096     3.006 r  clk_IBUF_BUFG_inst/O
                         net (fo=66, routed)          1.635     4.641    u_core/clk_IBUF_BUFG
    SLICE_X2Y11          FDCE                                         r  u_core/FSM_sequential_state_reg[1]/C
  -------------------------------------------------------------------    -------------------
    SLICE_X2Y11          FDCE (Prop_fdce_C_Q)         0.518     5.159 f  u_core/FSM_sequential_state_reg[1]/Q
                         net (fo=31, routed)          1.399     6.558    u_core/state__0[1]
    SLICE_X0Y14          LUT2 (Prop_lut2_I1_O)        0.152     6.710 r  u_core/FSM_sequential_state[3]_i_4/O
                         net (fo=8, routed)           1.273     7.983    u_core/FSM_sequential_state[3]_i_4_n_0
    SLICE_X0Y10          LUT6 (Prop_lut6_I1_O)        0.326     8.309 r  u_core/bus_free_counter[8]_i_1/O
                         net (fo=9, routed)           0.533     8.842    u_core/bus_free_counter_1
    SLICE_X2Y10          FDCE                                         r  u_core/bus_free_counter_reg[2]/CE
  -------------------------------------------------------------------    -------------------

                         (clock sys_clk rise edge)   10.000    10.000 r  
    M18                                               0.000    10.000 r  clk (IN)
                         net (fo=0)                   0.000    10.000    clk
    M18                  IBUF (Prop_ibuf_I_O)         0.805    10.805 r  clk_IBUF_inst/O
                         net (fo=1, routed)           1.868    12.673    clk_IBUF
    BUFGCTRL_X0Y0        BUFG (Prop_bufg_I_O)         0.091    12.764 r  clk_IBUF_BUFG_inst/O
                         net (fo=66, routed)          1.517    14.281    u_core/clk_IBUF_BUFG
    SLICE_X2Y10          FDCE                                         r  u_core/bus_free_counter_reg[2]/C
                         clock pessimism              0.336    14.617    
                         clock uncertainty           -0.035    14.582    
    SLICE_X2Y10          FDCE (Setup_fdce_C_CE)      -0.169    14.413    u_core/bus_free_counter_reg[2]
  -------------------------------------------------------------------
                         required time                         14.413    
                         arrival time                          -8.842    
  -------------------------------------------------------------------
                         slack                                  5.570    





Pulse Width Checks
--------------------------------------------------------------------------------------
Clock Name:         sys_clk
Waveform(ns):       { 0.000 5.000 }
Period(ns):         10.000
Sources:            { clk }

Check Type        Corner  Lib Pin  Reference Pin  Required(ns)  Actual(ns)  Slack(ns)  Location       Pin
Min Period        n/a     BUFG/I   n/a            2.155         10.000      7.845      BUFGCTRL_X0Y0  clk_IBUF_BUFG_inst/I
Min Period        n/a     FDCE/C   n/a            1.000         10.000      9.000      SLICE_X2Y11    u_core/FSM_sequential_state_reg[0]/C
Min Period        n/a     FDCE/C   n/a            1.000         10.000      9.000      SLICE_X2Y11    u_core/FSM_sequential_state_reg[1]/C
Min Period        n/a     FDCE/C   n/a            1.000         10.000      9.000      SLICE_X2Y11    u_core/FSM_sequential_state_reg[2]/C
Min Period        n/a     FDCE/C   n/a            1.000         10.000      9.000      SLICE_X2Y11    u_core/FSM_sequential_state_reg[3]/C
Min Period        n/a     FDCE/C   n/a            1.000         10.000      9.000      SLICE_X3Y14    u_core/bit_index_reg[0]/C
Min Period        n/a     FDCE/C   n/a            1.000         10.000      9.000      SLICE_X4Y13    u_core/bit_index_reg[1]/C
Min Period        n/a     FDCE/C   n/a            1.000         10.000      9.000      SLICE_X4Y13    u_core/bit_index_reg[2]/C
Min Period        n/a     FDCE/C   n/a            1.000         10.000      9.000      SLICE_X4Y13    u_core/bit_index_reg[3]/C
Min Period        n/a     FDCE/C   n/a            1.000         10.000      9.000      SLICE_X0Y12    u_core/bit_phase_reg[0]/C
Min Period        n/a     FDCE/C   n/a            1.000         10.000      9.000      SLICE_X0Y12    u_core/bit_phase_reg[1]/C
Min Period        n/a     FDCE/C   n/a            1.000         10.000      9.000      SLICE_X1Y10    u_core/bus_free_counter_reg[0]/C
Min Period        n/a     FDCE/C   n/a            1.000         10.000      9.000      SLICE_X3Y10    u_core/bus_free_counter_reg[1]/C
Min Period        n/a     FDCE/C   n/a            1.000         10.000      9.000      SLICE_X2Y10    u_core/bus_free_counter_reg[2]/C
Min Period        n/a     FDCE/C   n/a            1.000         10.000      9.000      SLICE_X2Y10    u_core/bus_free_counter_reg[3]/C
Min Period        n/a     FDCE/C   n/a            1.000         10.000      9.000      SLICE_X2Y10    u_core/bus_free_counter_reg[4]/C
Min Period        n/a     FDCE/C   n/a            1.000         10.000      9.000      SLICE_X3Y10    u_core/bus_free_counter_reg[5]/C
Min Period        n/a     FDCE/C   n/a            1.000         10.000      9.000      SLICE_X1Y10    u_core/bus_free_counter_reg[6]/C
Min Period        n/a     FDCE/C   n/a            1.000         10.000      9.000      SLICE_X1Y10    u_core/bus_free_counter_reg[7]/C
Min Period        n/a     FDCE/C   n/a            1.000         10.000      9.000      SLICE_X1Y10    u_core/bus_free_counter_reg[8]/C
Low Pulse Width   Slow    FDCE/C   n/a            0.500         5.000       4.500      SLICE_X2Y11    u_core/FSM_sequential_state_reg[0]/C
Low Pulse Width   Fast    FDCE/C   n/a            0.500         5.000       4.500      SLICE_X2Y11    u_core/FSM_sequential_state_reg[0]/C
Low Pulse Width   Slow    FDCE/C   n/a            0.500         5.000       4.500      SLICE_X2Y11    u_core/FSM_sequential_state_reg[1]/C
Low Pulse Width   Fast    FDCE/C   n/a            0.500         5.000       4.500      SLICE_X2Y11    u_core/FSM_sequential_state_reg[1]/C
Low Pulse Width   Slow    FDCE/C   n/a            0.500         5.000       4.500      SLICE_X2Y11    u_core/FSM_sequential_state_reg[2]/C
Low Pulse Width   Fast    FDCE/C   n/a            0.500         5.000       4.500      SLICE_X2Y11    u_core/FSM_sequential_state_reg[2]/C
Low Pulse Width   Slow    FDCE/C   n/a            0.500         5.000       4.500      SLICE_X2Y11    u_core/FSM_sequential_state_reg[3]/C
Low Pulse Width   Fast    FDCE/C   n/a            0.500         5.000       4.500      SLICE_X2Y11    u_core/FSM_sequential_state_reg[3]/C
Low Pulse Width   Slow    FDCE/C   n/a            0.500         5.000       4.500      SLICE_X3Y14    u_core/bit_index_reg[0]/C
Low Pulse Width   Fast    FDCE/C   n/a            0.500         5.000       4.500      SLICE_X3Y14    u_core/bit_index_reg[0]/C
Low Pulse Width   Slow    FDCE/C   n/a            0.500         5.000       4.500      SLICE_X4Y13    u_core/bit_index_reg[1]/C
Low Pulse Width   Fast    FDCE/C   n/a            0.500         5.000       4.500      SLICE_X4Y13    u_core/bit_index_reg[1]/C
Low Pulse Width   Slow    FDCE/C   n/a            0.500         5.000       4.500      SLICE_X4Y13    u_core/bit_index_reg[2]/C
Low Pulse Width   Fast    FDCE/C   n/a            0.500         5.000       4.500      SLICE_X4Y13    u_core/bit_index_reg[2]/C
Low Pulse Width   Slow    FDCE/C   n/a            0.500         5.000       4.500      SLICE_X4Y13    u_core/bit_index_reg[3]/C
Low Pulse Width   Fast    FDCE/C   n/a            0.500         5.000       4.500      SLICE_X4Y13    u_core/bit_index_reg[3]/C
Low Pulse Width   Slow    FDCE/C   n/a            0.500         5.000       4.500      SLICE_X0Y12    u_core/bit_phase_reg[0]/C
Low Pulse Width   Fast    FDCE/C   n/a            0.500         5.000       4.500      SLICE_X0Y12    u_core/bit_phase_reg[0]/C
Low Pulse Width   Slow    FDCE/C   n/a            0.500         5.000       4.500      SLICE_X0Y12    u_core/bit_phase_reg[1]/C
Low Pulse Width   Fast    FDCE/C   n/a            0.500         5.000       4.500      SLICE_X0Y12    u_core/bit_phase_reg[1]/C
High Pulse Width  Slow    FDCE/C   n/a            0.500         5.000       4.500      SLICE_X2Y11    u_core/FSM_sequential_state_reg[0]/C
High Pulse Width  Fast    FDCE/C   n/a            0.500         5.000       4.500      SLICE_X2Y11    u_core/FSM_sequential_state_reg[0]/C
High Pulse Width  Slow    FDCE/C   n/a            0.500         5.000       4.500      SLICE_X2Y11    u_core/FSM_sequential_state_reg[1]/C
High Pulse Width  Fast    FDCE/C   n/a            0.500         5.000       4.500      SLICE_X2Y11    u_core/FSM_sequential_state_reg[1]/C
High Pulse Width  Slow    FDCE/C   n/a            0.500         5.000       4.500      SLICE_X2Y11    u_core/FSM_sequential_state_reg[2]/C
High Pulse Width  Fast    FDCE/C   n/a            0.500         5.000       4.500      SLICE_X2Y11    u_core/FSM_sequential_state_reg[2]/C
High Pulse Width  Slow    FDCE/C   n/a            0.500         5.000       4.500      SLICE_X2Y11    u_core/FSM_sequential_state_reg[3]/C
High Pulse Width  Fast    FDCE/C   n/a            0.500         5.000       4.500      SLICE_X2Y11    u_core/FSM_sequential_state_reg[3]/C
High Pulse Width  Slow    FDCE/C   n/a            0.500         5.000       4.500      SLICE_X3Y14    u_core/bit_index_reg[0]/C
High Pulse Width  Fast    FDCE/C   n/a            0.500         5.000       4.500      SLICE_X3Y14    u_core/bit_index_reg[0]/C
High Pulse Width  Slow    FDCE/C   n/a            0.500         5.000       4.500      SLICE_X4Y13    u_core/bit_index_reg[1]/C
High Pulse Width  Fast    FDCE/C   n/a            0.500         5.000       4.500      SLICE_X4Y13    u_core/bit_index_reg[1]/C
High Pulse Width  Slow    FDCE/C   n/a            0.500         5.000       4.500      SLICE_X4Y13    u_core/bit_index_reg[2]/C
High Pulse Width  Fast    FDCE/C   n/a            0.500         5.000       4.500      SLICE_X4Y13    u_core/bit_index_reg[2]/C
High Pulse Width  Slow    FDCE/C   n/a            0.500         5.000       4.500      SLICE_X4Y13    u_core/bit_index_reg[3]/C
High Pulse Width  Fast    FDCE/C   n/a            0.500         5.000       4.500      SLICE_X4Y13    u_core/bit_index_reg[3]/C
High Pulse Width  Slow    FDCE/C   n/a            0.500         5.000       4.500      SLICE_X0Y12    u_core/bit_phase_reg[0]/C
High Pulse Width  Fast    FDCE/C   n/a            0.500         5.000       4.500      SLICE_X0Y12    u_core/bit_phase_reg[0]/C
High Pulse Width  Slow    FDCE/C   n/a            0.500         5.000       4.500      SLICE_X0Y12    u_core/bit_phase_reg[1]/C
High Pulse Width  Fast    FDCE/C   n/a            0.500         5.000       4.500      SLICE_X0Y12    u_core/bit_phase_reg[1]/C



--------------------------------------------------------------------------------------
Path Group:  (none)
From Clock:  sys_clk
  To Clock:  

Max Delay            14 Endpoints
Min Delay             0 Endpoints
--------------------------------------------------------------------------------------


Max Delay Paths
--------------------------------------------------------------------------------------
Slack:                    inf
  Source:                 u_core/FSM_sequential_state_reg[0]/C
                            (rising edge-triggered cell FDCE clocked by sys_clk  {rise@0.000ns fall@5.000ns period=10.000ns})
  Destination:            cmd_ready
                            (output port)
  Path Group:             (none)
  Path Type:              Max at Slow Process Corner
  Data Path Delay:        7.173ns  (logic 3.729ns (51.993%)  route 3.443ns (48.007%))
  Logic Levels:           3  (LUT4=1 LUT5=1 OBUF=1)
  Clock Uncertainty:      0.025ns  ((TSJ^2 + TIJ^2)^1/2 + DJ) / 2 + PE
    Total System Jitter     (TSJ):    0.050ns
    Total Input Jitter      (TIJ):    0.000ns
    Discrete Jitter          (DJ):    0.000ns
    Phase Error              (PE):    0.000ns

    Location             Delay type                Incr(ns)  Path(ns)    Netlist Resource(s)
  -------------------------------------------------------------------    -------------------
                         (clock sys_clk rise edge)    0.000     0.000 r  
    M18                                               0.000     0.000 r  clk (IN)
                         net (fo=0)                   0.000     0.000    clk
    M18                  IBUF (Prop_ibuf_I_O)         0.938     0.938 r  clk_IBUF_inst/O
                         net (fo=1, routed)           1.972     2.910    clk_IBUF
    BUFGCTRL_X0Y0        BUFG (Prop_bufg_I_O)         0.096     3.006 r  clk_IBUF_BUFG_inst/O
                         net (fo=66, routed)          1.635     4.641    u_core/clk_IBUF_BUFG
    SLICE_X2Y11          FDCE                                         r  u_core/FSM_sequential_state_reg[0]/C
  -------------------------------------------------------------------    -------------------
    SLICE_X2Y11          FDCE (Prop_fdce_C_Q)         0.478     5.119 f  u_core/FSM_sequential_state_reg[0]/Q
                         net (fo=27, routed)          1.070     6.189    u_core/state__0[0]
    SLICE_X0Y10          LUT4 (Prop_lut4_I2_O)        0.329     6.518 r  u_core/cmd_ready_OBUF_inst_i_3/O
                         net (fo=4, routed)           0.704     7.222    u_core/cmd_ready_OBUF_inst_i_3_n_0
    SLICE_X1Y10          LUT5 (Prop_lut5_I4_O)        0.326     7.548 r  u_core/cmd_ready_OBUF_inst_i_1/O
                         net (fo=1, routed)           1.669     9.217    cmd_ready_OBUF
    W17                  OBUF (Prop_obuf_I_O)         2.596    11.814 r  cmd_ready_OBUF_inst/O
                         net (fo=0)                   0.000    11.814    cmd_ready
    W17                                                               r  cmd_ready (OUT)
  -------------------------------------------------------------------    -------------------

Slack:                    inf
  Source:                 u_core/read_data_reg[5]/C
                            (rising edge-triggered cell FDCE clocked by sys_clk  {rise@0.000ns fall@5.000ns period=10.000ns})
  Destination:            read_data[5]
                            (output port)
  Path Group:             (none)
  Path Type:              Max at Slow Process Corner
  Data Path Delay:        5.216ns  (logic 3.189ns (61.135%)  route 2.027ns (38.865%))
  Logic Levels:           1  (OBUF=1)
  Clock Uncertainty:      0.025ns  ((TSJ^2 + TIJ^2)^1/2 + DJ) / 2 + PE
    Total System Jitter     (TSJ):    0.050ns
    Total Input Jitter      (TIJ):    0.000ns
    Discrete Jitter          (DJ):    0.000ns
    Phase Error              (PE):    0.000ns

    Location             Delay type                Incr(ns)  Path(ns)    Netlist Resource(s)
  -------------------------------------------------------------------    -------------------
                         (clock sys_clk rise edge)    0.000     0.000 r  
    M18                                               0.000     0.000 r  clk (IN)
                         net (fo=0)                   0.000     0.000    clk
    M18                  IBUF (Prop_ibuf_I_O)         0.938     0.938 r  clk_IBUF_inst/O
                         net (fo=1, routed)           1.972     2.910    clk_IBUF
    BUFGCTRL_X0Y0        BUFG (Prop_bufg_I_O)         0.096     3.006 r  clk_IBUF_BUFG_inst/O
                         net (fo=66, routed)          1.634     4.640    u_core/clk_IBUF_BUFG
    SLICE_X3Y12          FDCE                                         r  u_core/read_data_reg[5]/C
  -------------------------------------------------------------------    -------------------
    SLICE_X3Y12          FDCE (Prop_fdce_C_Q)         0.419     5.059 r  u_core/read_data_reg[5]/Q
                         net (fo=1, routed)           2.027     7.086    read_data_OBUF[5]
    W14                  OBUF (Prop_obuf_I_O)         2.770     9.855 r  read_data_OBUF[5]_inst/O
                         net (fo=0)                   0.000     9.855    read_data[5]
    W14                                                               r  read_data[5] (OUT)
  -------------------------------------------------------------------    -------------------

Slack:                    inf
  Source:                 u_core/read_data_reg[4]/C
                            (rising edge-triggered cell FDCE clocked by sys_clk  {rise@0.000ns fall@5.000ns period=10.000ns})
  Destination:            read_data[4]
                            (output port)
  Path Group:             (none)
  Path Type:              Max at Slow Process Corner
  Data Path Delay:        5.124ns  (logic 3.201ns (62.481%)  route 1.922ns (37.519%))
  Logic Levels:           1  (OBUF=1)
  Clock Uncertainty:      0.025ns  ((TSJ^2 + TIJ^2)^1/2 + DJ) / 2 + PE
    Total System Jitter     (TSJ):    0.050ns
    Total Input Jitter      (TIJ):    0.000ns
    Discrete Jitter          (DJ):    0.000ns
    Phase Error              (PE):    0.000ns

    Location             Delay type                Incr(ns)  Path(ns)    Netlist Resource(s)
  -------------------------------------------------------------------    -------------------
                         (clock sys_clk rise edge)    0.000     0.000 r  
    M18                                               0.000     0.000 r  clk (IN)
                         net (fo=0)                   0.000     0.000    clk
    M18                  IBUF (Prop_ibuf_I_O)         0.938     0.938 r  clk_IBUF_inst/O
                         net (fo=1, routed)           1.972     2.910    clk_IBUF
    BUFGCTRL_X0Y0        BUFG (Prop_bufg_I_O)         0.096     3.006 r  clk_IBUF_BUFG_inst/O
                         net (fo=66, routed)          1.634     4.640    u_core/clk_IBUF_BUFG
    SLICE_X3Y12          FDCE                                         r  u_core/read_data_reg[4]/C
  -------------------------------------------------------------------    -------------------
    SLICE_X3Y12          FDCE (Prop_fdce_C_Q)         0.419     5.059 r  u_core/read_data_reg[4]/Q
                         net (fo=1, routed)           1.922     6.981    read_data_OBUF[4]
    U15                  OBUF (Prop_obuf_I_O)         2.782     9.764 r  read_data_OBUF[4]_inst/O
                         net (fo=0)                   0.000     9.764    read_data[4]
    U15                                                               r  read_data[4] (OUT)
  -------------------------------------------------------------------    -------------------

Slack:                    inf
  Source:                 u_core/read_data_reg[0]/C
                            (rising edge-triggered cell FDCE clocked by sys_clk  {rise@0.000ns fall@5.000ns period=10.000ns})
  Destination:            read_data[0]
                            (output port)
  Path Group:             (none)
  Path Type:              Max at Slow Process Corner
  Data Path Delay:        5.117ns  (logic 3.055ns (59.708%)  route 2.062ns (40.292%))
  Logic Levels:           1  (OBUF=1)
  Clock Uncertainty:      0.025ns  ((TSJ^2 + TIJ^2)^1/2 + DJ) / 2 + PE
    Total System Jitter     (TSJ):    0.050ns
    Total Input Jitter      (TIJ):    0.000ns
    Discrete Jitter          (DJ):    0.000ns
    Phase Error              (PE):    0.000ns

    Location             Delay type                Incr(ns)  Path(ns)    Netlist Resource(s)
  -------------------------------------------------------------------    -------------------
                         (clock sys_clk rise edge)    0.000     0.000 r  
    M18                                               0.000     0.000 r  clk (IN)
                         net (fo=0)                   0.000     0.000    clk
    M18                  IBUF (Prop_ibuf_I_O)         0.938     0.938 r  clk_IBUF_inst/O
                         net (fo=1, routed)           1.972     2.910    clk_IBUF
    BUFGCTRL_X0Y0        BUFG (Prop_bufg_I_O)         0.096     3.006 r  clk_IBUF_BUFG_inst/O
                         net (fo=66, routed)          1.634     4.640    u_core/clk_IBUF_BUFG
    SLICE_X3Y12          FDCE                                         r  u_core/read_data_reg[0]/C
  -------------------------------------------------------------------    -------------------
    SLICE_X3Y12          FDCE (Prop_fdce_C_Q)         0.456     5.096 r  u_core/read_data_reg[0]/Q
                         net (fo=1, routed)           2.062     7.158    read_data_OBUF[0]
    U14                  OBUF (Prop_obuf_I_O)         2.599     9.757 r  read_data_OBUF[0]_inst/O
                         net (fo=0)                   0.000     9.757    read_data[0]
    U14                                                               r  read_data[0] (OUT)
  -------------------------------------------------------------------    -------------------

Slack:                    inf
  Source:                 u_core/read_data_reg[3]/C
                            (rising edge-triggered cell FDCE clocked by sys_clk  {rise@0.000ns fall@5.000ns period=10.000ns})
  Destination:            read_data[3]
                            (output port)
  Path Group:             (none)
  Path Type:              Max at Slow Process Corner
  Data Path Delay:        5.116ns  (logic 3.054ns (59.687%)  route 2.063ns (40.313%))
  Logic Levels:           1  (OBUF=1)
  Clock Uncertainty:      0.025ns  ((TSJ^2 + TIJ^2)^1/2 + DJ) / 2 + PE
    Total System Jitter     (TSJ):    0.050ns
    Total Input Jitter      (TIJ):    0.000ns
    Discrete Jitter          (DJ):    0.000ns
    Phase Error              (PE):    0.000ns

    Location             Delay type                Incr(ns)  Path(ns)    Netlist Resource(s)
  -------------------------------------------------------------------    -------------------
                         (clock sys_clk rise edge)    0.000     0.000 r  
    M18                                               0.000     0.000 r  clk (IN)
                         net (fo=0)                   0.000     0.000    clk
    M18                  IBUF (Prop_ibuf_I_O)         0.938     0.938 r  clk_IBUF_inst/O
                         net (fo=1, routed)           1.972     2.910    clk_IBUF
    BUFGCTRL_X0Y0        BUFG (Prop_bufg_I_O)         0.096     3.006 r  clk_IBUF_BUFG_inst/O
                         net (fo=66, routed)          1.634     4.640    u_core/clk_IBUF_BUFG
    SLICE_X3Y12          FDCE                                         r  u_core/read_data_reg[3]/C
  -------------------------------------------------------------------    -------------------
    SLICE_X3Y12          FDCE (Prop_fdce_C_Q)         0.456     5.096 r  u_core/read_data_reg[3]/Q
                         net (fo=1, routed)           2.063     7.158    read_data_OBUF[3]
    U16                  OBUF (Prop_obuf_I_O)         2.598     9.756 r  read_data_OBUF[3]_inst/O
                         net (fo=0)                   0.000     9.756    read_data[3]
    U16                                                               r  read_data[3] (OUT)
  -------------------------------------------------------------------    -------------------

Slack:                    inf
  Source:                 u_core/read_data_reg[6]/C
                            (rising edge-triggered cell FDCE clocked by sys_clk  {rise@0.000ns fall@5.000ns period=10.000ns})
  Destination:            read_data[6]
                            (output port)
  Path Group:             (none)
  Path Type:              Max at Slow Process Corner
  Data Path Delay:        5.059ns  (logic 3.199ns (63.222%)  route 1.861ns (36.778%))
  Logic Levels:           1  (OBUF=1)
  Clock Uncertainty:      0.025ns  ((TSJ^2 + TIJ^2)^1/2 + DJ) / 2 + PE
    Total System Jitter     (TSJ):    0.050ns
    Total Input Jitter      (TIJ):    0.000ns
    Discrete Jitter          (DJ):    0.000ns
    Phase Error              (PE):    0.000ns

    Location             Delay type                Incr(ns)  Path(ns)    Netlist Resource(s)
  -------------------------------------------------------------------    -------------------
                         (clock sys_clk rise edge)    0.000     0.000 r  
    M18                                               0.000     0.000 r  clk (IN)
                         net (fo=0)                   0.000     0.000    clk
    M18                  IBUF (Prop_ibuf_I_O)         0.938     0.938 r  clk_IBUF_inst/O
                         net (fo=1, routed)           1.972     2.910    clk_IBUF
    BUFGCTRL_X0Y0        BUFG (Prop_bufg_I_O)         0.096     3.006 r  clk_IBUF_BUFG_inst/O
                         net (fo=66, routed)          1.634     4.640    u_core/clk_IBUF_BUFG
    SLICE_X3Y12          FDCE                                         r  u_core/read_data_reg[6]/C
  -------------------------------------------------------------------    -------------------
    SLICE_X3Y12          FDCE (Prop_fdce_C_Q)         0.419     5.059 r  u_core/read_data_reg[6]/Q
                         net (fo=1, routed)           1.861     6.920    read_data_OBUF[6]
    W13                  OBUF (Prop_obuf_I_O)         2.780     9.699 r  read_data_OBUF[6]_inst/O
                         net (fo=0)                   0.000     9.699    read_data[6]
    W13                                                               r  read_data[6] (OUT)
  -------------------------------------------------------------------    -------------------

Slack:                    inf
  Source:                 u_core/read_data_reg[1]/C
                            (rising edge-triggered cell FDCE clocked by sys_clk  {rise@0.000ns fall@5.000ns period=10.000ns})
  Destination:            read_data[1]
                            (output port)
  Path Group:             (none)
  Path Type:              Max at Slow Process Corner
  Data Path Delay:        4.969ns  (logic 3.050ns (61.368%)  route 1.920ns (38.632%))
  Logic Levels:           1  (OBUF=1)
  Clock Uncertainty:      0.025ns  ((TSJ^2 + TIJ^2)^1/2 + DJ) / 2 + PE
    Total System Jitter     (TSJ):    0.050ns
    Total Input Jitter      (TIJ):    0.000ns
    Discrete Jitter          (DJ):    0.000ns
    Phase Error              (PE):    0.000ns

    Location             Delay type                Incr(ns)  Path(ns)    Netlist Resource(s)
  -------------------------------------------------------------------    -------------------
                         (clock sys_clk rise edge)    0.000     0.000 r  
    M18                                               0.000     0.000 r  clk (IN)
                         net (fo=0)                   0.000     0.000    clk
    M18                  IBUF (Prop_ibuf_I_O)         0.938     0.938 r  clk_IBUF_inst/O
                         net (fo=1, routed)           1.972     2.910    clk_IBUF
    BUFGCTRL_X0Y0        BUFG (Prop_bufg_I_O)         0.096     3.006 r  clk_IBUF_BUFG_inst/O
                         net (fo=66, routed)          1.634     4.640    u_core/clk_IBUF_BUFG
    SLICE_X3Y12          FDCE                                         r  u_core/read_data_reg[1]/C
  -------------------------------------------------------------------    -------------------
    SLICE_X3Y12          FDCE (Prop_fdce_C_Q)         0.456     5.096 r  u_core/read_data_reg[1]/Q
                         net (fo=1, routed)           1.920     7.016    read_data_OBUF[1]
    V14                  OBUF (Prop_obuf_I_O)         2.594     9.609 r  read_data_OBUF[1]_inst/O
                         net (fo=0)                   0.000     9.609    read_data[1]
    V14                                                               r  read_data[1] (OUT)
  -------------------------------------------------------------------    -------------------

Slack:                    inf
  Source:                 u_core/read_data_reg[2]/C
                            (rising edge-triggered cell FDCE clocked by sys_clk  {rise@0.000ns fall@5.000ns period=10.000ns})
  Destination:            read_data[2]
                            (output port)
  Path Group:             (none)
  Path Type:              Max at Slow Process Corner
  Data Path Delay:        4.967ns  (logic 3.053ns (61.471%)  route 1.914ns (38.528%))
  Logic Levels:           1  (OBUF=1)
  Clock Uncertainty:      0.025ns  ((TSJ^2 + TIJ^2)^1/2 + DJ) / 2 + PE
    Total System Jitter     (TSJ):    0.050ns
    Total Input Jitter      (TIJ):    0.000ns
    Discrete Jitter          (DJ):    0.000ns
    Phase Error              (PE):    0.000ns

    Location             Delay type                Incr(ns)  Path(ns)    Netlist Resource(s)
  -------------------------------------------------------------------    -------------------
                         (clock sys_clk rise edge)    0.000     0.000 r  
    M18                                               0.000     0.000 r  clk (IN)
                         net (fo=0)                   0.000     0.000    clk
    M18                  IBUF (Prop_ibuf_I_O)         0.938     0.938 r  clk_IBUF_inst/O
                         net (fo=1, routed)           1.972     2.910    clk_IBUF
    BUFGCTRL_X0Y0        BUFG (Prop_bufg_I_O)         0.096     3.006 r  clk_IBUF_BUFG_inst/O
                         net (fo=66, routed)          1.634     4.640    u_core/clk_IBUF_BUFG
    SLICE_X3Y12          FDCE                                         r  u_core/read_data_reg[2]/C
  -------------------------------------------------------------------    -------------------
    SLICE_X3Y12          FDCE (Prop_fdce_C_Q)         0.456     5.096 r  u_core/read_data_reg[2]/Q
                         net (fo=1, routed)           1.914     7.009    read_data_OBUF[2]
    V13                  OBUF (Prop_obuf_I_O)         2.597     9.607 r  read_data_OBUF[2]_inst/O
                         net (fo=0)                   0.000     9.607    read_data[2]
    V13                                                               r  read_data[2] (OUT)
  -------------------------------------------------------------------    -------------------

Slack:                    inf
  Source:                 u_core/read_data_reg[7]/C
                            (rising edge-triggered cell FDCE clocked by sys_clk  {rise@0.000ns fall@5.000ns period=10.000ns})
  Destination:            read_data[7]
                            (output port)
  Path Group:             (none)
  Path Type:              Max at Slow Process Corner
  Data Path Delay:        4.911ns  (logic 3.193ns (65.002%)  route 1.719ns (34.998%))
  Logic Levels:           1  (OBUF=1)
  Clock Uncertainty:      0.025ns  ((TSJ^2 + TIJ^2)^1/2 + DJ) / 2 + PE
    Total System Jitter     (TSJ):    0.050ns
    Total Input Jitter      (TIJ):    0.000ns
    Discrete Jitter          (DJ):    0.000ns
    Phase Error              (PE):    0.000ns

    Location             Delay type                Incr(ns)  Path(ns)    Netlist Resource(s)
  -------------------------------------------------------------------    -------------------
                         (clock sys_clk rise edge)    0.000     0.000 r  
    M18                                               0.000     0.000 r  clk (IN)
                         net (fo=0)                   0.000     0.000    clk
    M18                  IBUF (Prop_ibuf_I_O)         0.938     0.938 r  clk_IBUF_inst/O
                         net (fo=1, routed)           1.972     2.910    clk_IBUF
    BUFGCTRL_X0Y0        BUFG (Prop_bufg_I_O)         0.096     3.006 r  clk_IBUF_BUFG_inst/O
                         net (fo=66, routed)          1.634     4.640    u_core/clk_IBUF_BUFG
    SLICE_X3Y12          FDCE                                         r  u_core/read_data_reg[7]/C
  -------------------------------------------------------------------    -------------------
    SLICE_X3Y12          FDCE (Prop_fdce_C_Q)         0.419     5.059 r  u_core/read_data_reg[7]/Q
                         net (fo=1, routed)           1.719     6.778    read_data_OBUF[7]
    W15                  OBUF (Prop_obuf_I_O)         2.774     9.551 r  read_data_OBUF[7]_inst/O
                         net (fo=0)                   0.000     9.551    read_data[7]
    W15                                                               r  read_data[7] (OUT)
  -------------------------------------------------------------------    -------------------

Slack:                    inf
  Source:                 u_core/nack_reg/C
                            (rising edge-triggered cell FDCE clocked by sys_clk  {rise@0.000ns fall@5.000ns period=10.000ns})
  Destination:            nack
                            (output port)
  Path Group:             (none)
  Path Type:              Max at Slow Process Corner
  Data Path Delay:        4.910ns  (logic 3.057ns (62.249%)  route 1.854ns (37.751%))
  Logic Levels:           1  (OBUF=1)
  Clock Uncertainty:      0.025ns  ((TSJ^2 + TIJ^2)^1/2 + DJ) / 2 + PE
    Total System Jitter     (TSJ):    0.050ns
    Total Input Jitter      (TIJ):    0.000ns
    Discrete Jitter          (DJ):    0.000ns
    Phase Error              (PE):    0.000ns

    Location             Delay type                Incr(ns)  Path(ns)    Netlist Resource(s)
  -------------------------------------------------------------------    -------------------
                         (clock sys_clk rise edge)    0.000     0.000 r  
    M18                                               0.000     0.000 r  clk (IN)
                         net (fo=0)                   0.000     0.000    clk
    M18                  IBUF (Prop_ibuf_I_O)         0.938     0.938 r  clk_IBUF_inst/O
                         net (fo=1, routed)           1.972     2.910    clk_IBUF
    BUFGCTRL_X0Y0        BUFG (Prop_bufg_I_O)         0.096     3.006 r  clk_IBUF_BUFG_inst/O
                         net (fo=66, routed)          1.634     4.640    u_core/clk_IBUF_BUFG
    SLICE_X0Y12          FDCE                                         r  u_core/nack_reg/C
  -------------------------------------------------------------------    -------------------
    SLICE_X0Y12          FDCE (Prop_fdce_C_Q)         0.456     5.096 r  u_core/nack_reg/Q
                         net (fo=6, routed)           1.854     6.950    nack_OBUF
    V17                  OBUF (Prop_obuf_I_O)         2.601     9.550 r  nack_OBUF_inst/O
                         net (fo=0)                   0.000     9.550    nack
    V17                                                               r  nack (OUT)
  -------------------------------------------------------------------    -------------------

Slack:                    inf
  Source:                 u_core/done_reg/C
                            (rising edge-triggered cell FDCE clocked by sys_clk  {rise@0.000ns fall@5.000ns period=10.000ns})
  Destination:            done
                            (output port)
  Path Group:             (none)
  Path Type:              Max at Slow Process Corner
  Data Path Delay:        4.756ns  (logic 3.068ns (64.499%)  route 1.688ns (35.501%))
  Logic Levels:           1  (OBUF=1)
  Clock Uncertainty:      0.025ns  ((TSJ^2 + TIJ^2)^1/2 + DJ) / 2 + PE
    Total System Jitter     (TSJ):    0.050ns
    Total Input Jitter      (TIJ):    0.000ns
    Discrete Jitter          (DJ):    0.000ns
    Phase Error              (PE):    0.000ns

    Location             Delay type                Incr(ns)  Path(ns)    Netlist Resource(s)
  -------------------------------------------------------------------    -------------------
                         (clock sys_clk rise edge)    0.000     0.000 r  
    M18                                               0.000     0.000 r  clk (IN)
                         net (fo=0)                   0.000     0.000    clk
    M18                  IBUF (Prop_ibuf_I_O)         0.938     0.938 r  clk_IBUF_inst/O
                         net (fo=1, routed)           1.972     2.910    clk_IBUF
    BUFGCTRL_X0Y0        BUFG (Prop_bufg_I_O)         0.096     3.006 r  clk_IBUF_BUFG_inst/O
                         net (fo=66, routed)          1.636     4.642    u_core/clk_IBUF_BUFG
    SLICE_X0Y10          FDCE                                         r  u_core/done_reg/C
  -------------------------------------------------------------------    -------------------
    SLICE_X0Y10          FDCE (Prop_fdce_C_Q)         0.456     5.098 r  u_core/done_reg/Q
                         net (fo=1, routed)           1.688     6.786    done_OBUF
    W16                  OBUF (Prop_obuf_I_O)         2.612     9.398 r  done_OBUF_inst/O
                         net (fo=0)                   0.000     9.398    done
    W16                                                               r  done (OUT)
  -------------------------------------------------------------------    -------------------

Slack:                    inf
  Source:                 u_core/busy_reg/C
                            (rising edge-triggered cell FDCE clocked by sys_clk  {rise@0.000ns fall@5.000ns period=10.000ns})
  Destination:            busy
                            (output port)
  Path Group:             (none)
  Path Type:              Max at Slow Process Corner
  Data Path Delay:        4.747ns  (logic 3.070ns (64.668%)  route 1.677ns (35.332%))
  Logic Levels:           1  (OBUF=1)
  Clock Uncertainty:      0.025ns  ((TSJ^2 + TIJ^2)^1/2 + DJ) / 2 + PE
    Total System Jitter     (TSJ):    0.050ns
    Total Input Jitter      (TIJ):    0.000ns
    Discrete Jitter          (DJ):    0.000ns
    Phase Error              (PE):    0.000ns

    Location             Delay type                Incr(ns)  Path(ns)    Netlist Resource(s)
  -------------------------------------------------------------------    -------------------
                         (clock sys_clk rise edge)    0.000     0.000 r  
    M18                                               0.000     0.000 r  clk (IN)
                         net (fo=0)                   0.000     0.000    clk
    M18                  IBUF (Prop_ibuf_I_O)         0.938     0.938 r  clk_IBUF_inst/O
                         net (fo=1, routed)           1.972     2.910    clk_IBUF
    BUFGCTRL_X0Y0        BUFG (Prop_bufg_I_O)         0.096     3.006 r  clk_IBUF_BUFG_inst/O
                         net (fo=66, routed)          1.636     4.642    u_core/clk_IBUF_BUFG
    SLICE_X0Y10          FDCE                                         r  u_core/busy_reg/C
  -------------------------------------------------------------------    -------------------
    SLICE_X0Y10          FDCE (Prop_fdce_C_Q)         0.456     5.098 r  u_core/busy_reg/Q
                         net (fo=1, routed)           1.677     6.775    busy_OBUF
    V15                  OBUF (Prop_obuf_I_O)         2.614     9.389 r  busy_OBUF_inst/O
                         net (fo=0)                   0.000     9.389    busy
    V15                                                               r  busy (OUT)
  -------------------------------------------------------------------    -------------------

Slack:                    inf
  Source:                 u_core/scl_drive_low_reg/C
                            (rising edge-triggered cell FDCE clocked by sys_clk  {rise@0.000ns fall@5.000ns period=10.000ns})
  Destination:            scl_drive_low
                            (output port)
  Path Group:             (none)
  Path Type:              Max at Slow Process Corner
  Data Path Delay:        4.737ns  (logic 3.065ns (64.704%)  route 1.672ns (35.296%))
  Logic Levels:           1  (OBUF=1)
  Clock Uncertainty:      0.025ns  ((TSJ^2 + TIJ^2)^1/2 + DJ) / 2 + PE
    Total System Jitter     (TSJ):    0.050ns
    Total Input Jitter      (TIJ):    0.000ns
    Discrete Jitter          (DJ):    0.000ns
    Phase Error              (PE):    0.000ns

    Location             Delay type                Incr(ns)  Path(ns)    Netlist Resource(s)
  -------------------------------------------------------------------    -------------------
                         (clock sys_clk rise edge)    0.000     0.000 r  
    M18                                               0.000     0.000 r  clk (IN)
                         net (fo=0)                   0.000     0.000    clk
    M18                  IBUF (Prop_ibuf_I_O)         0.938     0.938 r  clk_IBUF_inst/O
                         net (fo=1, routed)           1.972     2.910    clk_IBUF
    BUFGCTRL_X0Y0        BUFG (Prop_bufg_I_O)         0.096     3.006 r  clk_IBUF_BUFG_inst/O
                         net (fo=66, routed)          1.635     4.641    u_core/clk_IBUF_BUFG
    SLICE_X0Y11          FDCE                                         r  u_core/scl_drive_low_reg/C
  -------------------------------------------------------------------    -------------------
    SLICE_X0Y11          FDCE (Prop_fdce_C_Q)         0.456     5.097 r  u_core/scl_drive_low_reg/Q
                         net (fo=1, routed)           1.672     6.769    scl_drive_low_OBUF
    V16                  OBUF (Prop_obuf_I_O)         2.609     9.378 r  scl_drive_low_OBUF_inst/O
                         net (fo=0)                   0.000     9.378    scl_drive_low
    V16                                                               r  scl_drive_low (OUT)
  -------------------------------------------------------------------    -------------------

Slack:                    inf
  Source:                 u_core/sda_drive_low_reg/C
                            (rising edge-triggered cell FDCE clocked by sys_clk  {rise@0.000ns fall@5.000ns period=10.000ns})
  Destination:            sda_drive_low
                            (output port)
  Path Group:             (none)
  Path Type:              Max at Slow Process Corner
  Data Path Delay:        4.575ns  (logic 3.045ns (66.565%)  route 1.530ns (33.435%))
  Logic Levels:           1  (OBUF=1)
  Clock Uncertainty:      0.025ns  ((TSJ^2 + TIJ^2)^1/2 + DJ) / 2 + PE
    Total System Jitter     (TSJ):    0.050ns
    Total Input Jitter      (TIJ):    0.000ns
    Discrete Jitter          (DJ):    0.000ns
    Phase Error              (PE):    0.000ns

    Location             Delay type                Incr(ns)  Path(ns)    Netlist Resource(s)
  -------------------------------------------------------------------    -------------------
                         (clock sys_clk rise edge)    0.000     0.000 r  
    M18                                               0.000     0.000 r  clk (IN)
                         net (fo=0)                   0.000     0.000    clk
    M18                  IBUF (Prop_ibuf_I_O)         0.938     0.938 r  clk_IBUF_inst/O
                         net (fo=1, routed)           1.972     2.910    clk_IBUF
    BUFGCTRL_X0Y0        BUFG (Prop_bufg_I_O)         0.096     3.006 r  clk_IBUF_BUFG_inst/O
                         net (fo=66, routed)          1.633     4.639    u_core/clk_IBUF_BUFG
    SLICE_X1Y13          FDCE                                         r  u_core/sda_drive_low_reg/C
  -------------------------------------------------------------------    -------------------
    SLICE_X1Y13          FDCE (Prop_fdce_C_Q)         0.456     5.095 r  u_core/sda_drive_low_reg/Q
                         net (fo=1, routed)           1.530     6.624    sda_drive_low_OBUF
    U18                  OBUF (Prop_obuf_I_O)         2.589     9.214 r  sda_drive_low_OBUF_inst/O
                         net (fo=0)                   0.000     9.214    sda_drive_low
    U18                                                               r  sda_drive_low (OUT)
  -------------------------------------------------------------------    -------------------





--------------------------------------------------------------------------------------
Path Group:  (none)
From Clock:  
  To Clock:  sys_clk

Max Delay           157 Endpoints
Min Delay             0 Endpoints
--------------------------------------------------------------------------------------


Max Delay Paths
--------------------------------------------------------------------------------------
Slack:                    inf
  Source:                 scl_in
                            (input port)
  Destination:            u_core/FSM_sequential_state_reg[0]/CE
                            (rising edge-triggered cell FDCE clocked by sys_clk  {rise@0.000ns fall@5.000ns period=10.000ns})
  Path Group:             (none)
  Path Type:              Setup (Max at Slow Process Corner)
  Data Path Delay:        6.123ns  (logic 1.681ns (27.452%)  route 4.442ns (72.548%))
  Logic Levels:           5  (IBUF=1 LUT3=1 LUT6=3)
  Clock Path Skew:        4.280ns (DCD - SCD + CPR)
    Destination Clock Delay (DCD):    4.280ns
    Source Clock Delay      (SCD):    0.000ns
    Clock Pessimism Removal (CPR):    0.000ns
  Clock Uncertainty:      0.025ns  ((TSJ^2 + TIJ^2)^1/2 + DJ) / 2 + PE
    Total System Jitter     (TSJ):    0.050ns
    Total Input Jitter      (TIJ):    0.000ns
    Discrete Jitter          (DJ):    0.000ns
    Phase Error              (PE):    0.000ns

    Location             Delay type                Incr(ns)  Path(ns)    Netlist Resource(s)
  -------------------------------------------------------------------    -------------------
    K18                                               0.000     0.000 r  scl_in (IN)
                         net (fo=0)                   0.000     0.000    scl_in
    K18                  IBUF (Prop_ibuf_I_O)         0.949     0.949 r  scl_in_IBUF_inst/O
                         net (fo=15, routed)          2.433     3.382    u_core/scl_in_IBUF
    SLICE_X0Y10          LUT3 (Prop_lut3_I0_O)        0.152     3.534 f  u_core/latched_wdata[7]_i_2/O
                         net (fo=1, routed)           0.503     4.037    u_core/latched_wdata[7]_i_2_n_0
    SLICE_X1Y10          LUT6 (Prop_lut6_I5_O)        0.332     4.369 r  u_core/latched_wdata[7]_i_1/O
                         net (fo=13, routed)          0.739     5.108    u_core/latched_rw
    SLICE_X3Y14          LUT6 (Prop_lut6_I0_O)        0.124     5.232 r  u_core/FSM_sequential_state[3]_i_6/O
                         net (fo=1, routed)           0.295     5.527    u_core/FSM_sequential_state[3]_i_6_n_0
    SLICE_X3Y13          LUT6 (Prop_lut6_I5_O)        0.124     5.651 r  u_core/FSM_sequential_state[3]_i_1/O
                         net (fo=4, routed)           0.472     6.123    u_core/state
    SLICE_X2Y11          FDCE                                         r  u_core/FSM_sequential_state_reg[0]/CE
  -------------------------------------------------------------------    -------------------

                         (clock sys_clk rise edge)    0.000     0.000 r  
    M18                                               0.000     0.000 r  clk (IN)
                         net (fo=0)                   0.000     0.000    clk
    M18                  IBUF (Prop_ibuf_I_O)         0.805     0.805 r  clk_IBUF_inst/O
                         net (fo=1, routed)           1.868     2.673    clk_IBUF
    BUFGCTRL_X0Y0        BUFG (Prop_bufg_I_O)         0.091     2.764 r  clk_IBUF_BUFG_inst/O
                         net (fo=66, routed)          1.516     4.280    u_core/clk_IBUF_BUFG
    SLICE_X2Y11          FDCE                                         r  u_core/FSM_sequential_state_reg[0]/C

Slack:                    inf
  Source:                 scl_in
                            (input port)
  Destination:            u_core/FSM_sequential_state_reg[1]/CE
                            (rising edge-triggered cell FDCE clocked by sys_clk  {rise@0.000ns fall@5.000ns period=10.000ns})
  Path Group:             (none)
  Path Type:              Setup (Max at Slow Process Corner)
  Data Path Delay:        6.123ns  (logic 1.681ns (27.452%)  route 4.442ns (72.548%))
  Logic Levels:           5  (IBUF=1 LUT3=1 LUT6=3)
  Clock Path Skew:        4.280ns (DCD - SCD + CPR)
    Destination Clock Delay (DCD):    4.280ns
    Source Clock Delay      (SCD):    0.000ns
    Clock Pessimism Removal (CPR):    0.000ns
  Clock Uncertainty:      0.025ns  ((TSJ^2 + TIJ^2)^1/2 + DJ) / 2 + PE
    Total System Jitter     (TSJ):    0.050ns
    Total Input Jitter      (TIJ):    0.000ns
    Discrete Jitter          (DJ):    0.000ns
    Phase Error              (PE):    0.000ns

    Location             Delay type                Incr(ns)  Path(ns)    Netlist Resource(s)
  -------------------------------------------------------------------    -------------------
    K18                                               0.000     0.000 r  scl_in (IN)
                         net (fo=0)                   0.000     0.000    scl_in
    K18                  IBUF (Prop_ibuf_I_O)         0.949     0.949 r  scl_in_IBUF_inst/O
                         net (fo=15, routed)          2.433     3.382    u_core/scl_in_IBUF
    SLICE_X0Y10          LUT3 (Prop_lut3_I0_O)        0.152     3.534 f  u_core/latched_wdata[7]_i_2/O
                         net (fo=1, routed)           0.503     4.037    u_core/latched_wdata[7]_i_2_n_0
    SLICE_X1Y10          LUT6 (Prop_lut6_I5_O)        0.332     4.369 r  u_core/latched_wdata[7]_i_1/O
                         net (fo=13, routed)          0.739     5.108    u_core/latched_rw
    SLICE_X3Y14          LUT6 (Prop_lut6_I0_O)        0.124     5.232 r  u_core/FSM_sequential_state[3]_i_6/O
                         net (fo=1, routed)           0.295     5.527    u_core/FSM_sequential_state[3]_i_6_n_0
    SLICE_X3Y13          LUT6 (Prop_lut6_I5_O)        0.124     5.651 r  u_core/FSM_sequential_state[3]_i_1/O
                         net (fo=4, routed)           0.472     6.123    u_core/state
    SLICE_X2Y11          FDCE                                         r  u_core/FSM_sequential_state_reg[1]/CE
  -------------------------------------------------------------------    -------------------

                         (clock sys_clk rise edge)    0.000     0.000 r  
    M18                                               0.000     0.000 r  clk (IN)
                         net (fo=0)                   0.000     0.000    clk
    M18                  IBUF (Prop_ibuf_I_O)         0.805     0.805 r  clk_IBUF_inst/O
                         net (fo=1, routed)           1.868     2.673    clk_IBUF
    BUFGCTRL_X0Y0        BUFG (Prop_bufg_I_O)         0.091     2.764 r  clk_IBUF_BUFG_inst/O
                         net (fo=66, routed)          1.516     4.280    u_core/clk_IBUF_BUFG
    SLICE_X2Y11          FDCE                                         r  u_core/FSM_sequential_state_reg[1]/C

Slack:                    inf
  Source:                 scl_in
                            (input port)
  Destination:            u_core/FSM_sequential_state_reg[2]/CE
                            (rising edge-triggered cell FDCE clocked by sys_clk  {rise@0.000ns fall@5.000ns period=10.000ns})
  Path Group:             (none)
  Path Type:              Setup (Max at Slow Process Corner)
  Data Path Delay:        6.123ns  (logic 1.681ns (27.452%)  route 4.442ns (72.548%))
  Logic Levels:           5  (IBUF=1 LUT3=1 LUT6=3)
  Clock Path Skew:        4.280ns (DCD - SCD + CPR)
    Destination Clock Delay (DCD):    4.280ns
    Source Clock Delay      (SCD):    0.000ns
    Clock Pessimism Removal (CPR):    0.000ns
  Clock Uncertainty:      0.025ns  ((TSJ^2 + TIJ^2)^1/2 + DJ) / 2 + PE
    Total System Jitter     (TSJ):    0.050ns
    Total Input Jitter      (TIJ):    0.000ns
    Discrete Jitter          (DJ):    0.000ns
    Phase Error              (PE):    0.000ns

    Location             Delay type                Incr(ns)  Path(ns)    Netlist Resource(s)
  -------------------------------------------------------------------    -------------------
    K18                                               0.000     0.000 r  scl_in (IN)
                         net (fo=0)                   0.000     0.000    scl_in
    K18                  IBUF (Prop_ibuf_I_O)         0.949     0.949 r  scl_in_IBUF_inst/O
                         net (fo=15, routed)          2.433     3.382    u_core/scl_in_IBUF
    SLICE_X0Y10          LUT3 (Prop_lut3_I0_O)        0.152     3.534 f  u_core/latched_wdata[7]_i_2/O
                         net (fo=1, routed)           0.503     4.037    u_core/latched_wdata[7]_i_2_n_0
    SLICE_X1Y10          LUT6 (Prop_lut6_I5_O)        0.332     4.369 r  u_core/latched_wdata[7]_i_1/O
                         net (fo=13, routed)          0.739     5.108    u_core/latched_rw
    SLICE_X3Y14          LUT6 (Prop_lut6_I0_O)        0.124     5.232 r  u_core/FSM_sequential_state[3]_i_6/O
                         net (fo=1, routed)           0.295     5.527    u_core/FSM_sequential_state[3]_i_6_n_0
    SLICE_X3Y13          LUT6 (Prop_lut6_I5_O)        0.124     5.651 r  u_core/FSM_sequential_state[3]_i_1/O
                         net (fo=4, routed)           0.472     6.123    u_core/state
    SLICE_X2Y11          FDCE                                         r  u_core/FSM_sequential_state_reg[2]/CE
  -------------------------------------------------------------------    -------------------

                         (clock sys_clk rise edge)    0.000     0.000 r  
    M18                                               0.000     0.000 r  clk (IN)
                         net (fo=0)                   0.000     0.000    clk
    M18                  IBUF (Prop_ibuf_I_O)         0.805     0.805 r  clk_IBUF_inst/O
                         net (fo=1, routed)           1.868     2.673    clk_IBUF
    BUFGCTRL_X0Y0        BUFG (Prop_bufg_I_O)         0.091     2.764 r  clk_IBUF_BUFG_inst/O
                         net (fo=66, routed)          1.516     4.280    u_core/clk_IBUF_BUFG
    SLICE_X2Y11          FDCE                                         r  u_core/FSM_sequential_state_reg[2]/C

Slack:                    inf
  Source:                 scl_in
                            (input port)
  Destination:            u_core/FSM_sequential_state_reg[3]/CE
                            (rising edge-triggered cell FDCE clocked by sys_clk  {rise@0.000ns fall@5.000ns period=10.000ns})
  Path Group:             (none)
  Path Type:              Setup (Max at Slow Process Corner)
  Data Path Delay:        6.123ns  (logic 1.681ns (27.452%)  route 4.442ns (72.548%))
  Logic Levels:           5  (IBUF=1 LUT3=1 LUT6=3)
  Clock Path Skew:        4.280ns (DCD - SCD + CPR)
    Destination Clock Delay (DCD):    4.280ns
    Source Clock Delay      (SCD):    0.000ns
    Clock Pessimism Removal (CPR):    0.000ns
  Clock Uncertainty:      0.025ns  ((TSJ^2 + TIJ^2)^1/2 + DJ) / 2 + PE
    Total System Jitter     (TSJ):    0.050ns
    Total Input Jitter      (TIJ):    0.000ns
    Discrete Jitter          (DJ):    0.000ns
    Phase Error              (PE):    0.000ns

    Location             Delay type                Incr(ns)  Path(ns)    Netlist Resource(s)
  -------------------------------------------------------------------    -------------------
    K18                                               0.000     0.000 r  scl_in (IN)
                         net (fo=0)                   0.000     0.000    scl_in
    K18                  IBUF (Prop_ibuf_I_O)         0.949     0.949 r  scl_in_IBUF_inst/O
                         net (fo=15, routed)          2.433     3.382    u_core/scl_in_IBUF
    SLICE_X0Y10          LUT3 (Prop_lut3_I0_O)        0.152     3.534 f  u_core/latched_wdata[7]_i_2/O
                         net (fo=1, routed)           0.503     4.037    u_core/latched_wdata[7]_i_2_n_0
    SLICE_X1Y10          LUT6 (Prop_lut6_I5_O)        0.332     4.369 r  u_core/latched_wdata[7]_i_1/O
                         net (fo=13, routed)          0.739     5.108    u_core/latched_rw
    SLICE_X3Y14          LUT6 (Prop_lut6_I0_O)        0.124     5.232 r  u_core/FSM_sequential_state[3]_i_6/O
                         net (fo=1, routed)           0.295     5.527    u_core/FSM_sequential_state[3]_i_6_n_0
    SLICE_X3Y13          LUT6 (Prop_lut6_I5_O)        0.124     5.651 r  u_core/FSM_sequential_state[3]_i_1/O
                         net (fo=4, routed)           0.472     6.123    u_core/state
    SLICE_X2Y11          FDCE                                         r  u_core/FSM_sequential_state_reg[3]/CE
  -------------------------------------------------------------------    -------------------

                         (clock sys_clk rise edge)    0.000     0.000 r  
    M18                                               0.000     0.000 r  clk (IN)
                         net (fo=0)                   0.000     0.000    clk
    M18                  IBUF (Prop_ibuf_I_O)         0.805     0.805 r  clk_IBUF_inst/O
                         net (fo=1, routed)           1.868     2.673    clk_IBUF
    BUFGCTRL_X0Y0        BUFG (Prop_bufg_I_O)         0.091     2.764 r  clk_IBUF_BUFG_inst/O
                         net (fo=66, routed)          1.516     4.280    u_core/clk_IBUF_BUFG
    SLICE_X2Y11          FDCE                                         r  u_core/FSM_sequential_state_reg[3]/C

Slack:                    inf
  Source:                 scl_in
                            (input port)
  Destination:            u_core/rx_shift_reg[4]/D
                            (rising edge-triggered cell FDCE clocked by sys_clk  {rise@0.000ns fall@5.000ns period=10.000ns})
  Path Group:             (none)
  Path Type:              Setup (Max at Slow Process Corner)
  Data Path Delay:        6.122ns  (logic 1.678ns (27.410%)  route 4.444ns (72.590%))
  Logic Levels:           5  (IBUF=1 LUT2=1 LUT6=3)
  Clock Path Skew:        4.277ns (DCD - SCD + CPR)
    Destination Clock Delay (DCD):    4.277ns
    Source Clock Delay      (SCD):    0.000ns
    Clock Pessimism Removal (CPR):    0.000ns
  Clock Uncertainty:      0.025ns  ((TSJ^2 + TIJ^2)^1/2 + DJ) / 2 + PE
    Total System Jitter     (TSJ):    0.050ns
    Total Input Jitter      (TIJ):    0.000ns
    Discrete Jitter          (DJ):    0.000ns
    Phase Error              (PE):    0.000ns

    Location             Delay type                Incr(ns)  Path(ns)    Netlist Resource(s)
  -------------------------------------------------------------------    -------------------
    K18                                               0.000     0.000 f  scl_in (IN)
                         net (fo=0)                   0.000     0.000    scl_in
    K18                  IBUF (Prop_ibuf_I_O)         0.949     0.949 f  scl_in_IBUF_inst/O
                         net (fo=15, routed)          2.422     3.371    u_core/scl_in_IBUF
    SLICE_X1Y11          LUT6 (Prop_lut6_I0_O)        0.124     3.495 r  u_core/rx_shift[3]_i_5/O
                         net (fo=1, routed)           0.559     4.054    u_core/rx_shift[3]_i_5_n_0
    SLICE_X2Y10          LUT6 (Prop_lut6_I1_O)        0.124     4.178 r  u_core/rx_shift[3]_i_2/O
                         net (fo=5, routed)           0.999     5.177    u_core/rx_shift[3]_i_2_n_0
    SLICE_X5Y12          LUT2 (Prop_lut2_I0_O)        0.149     5.326 r  u_core/rx_shift[7]_i_4/O
                         net (fo=4, routed)           0.464     5.790    u_core/rx_shift[7]_i_4_n_0
    SLICE_X5Y12          LUT6 (Prop_lut6_I2_O)        0.332     6.122 r  u_core/rx_shift[4]_i_1/O
                         net (fo=1, routed)           0.000     6.122    u_core/rx_shift[4]_i_1_n_0
    SLICE_X5Y12          FDCE                                         r  u_core/rx_shift_reg[4]/D
  -------------------------------------------------------------------    -------------------

                         (clock sys_clk rise edge)    0.000     0.000 r  
    M18                                               0.000     0.000 r  clk (IN)
                         net (fo=0)                   0.000     0.000    clk
    M18                  IBUF (Prop_ibuf_I_O)         0.805     0.805 r  clk_IBUF_inst/O
                         net (fo=1, routed)           1.868     2.673    clk_IBUF
    BUFGCTRL_X0Y0        BUFG (Prop_bufg_I_O)         0.091     2.764 r  clk_IBUF_BUFG_inst/O
                         net (fo=66, routed)          1.513     4.277    u_core/clk_IBUF_BUFG
    SLICE_X5Y12          FDCE                                         r  u_core/rx_shift_reg[4]/C

Slack:                    inf
  Source:                 scl_in
                            (input port)
  Destination:            u_core/rx_shift_reg[5]/D
                            (rising edge-triggered cell FDCE clocked by sys_clk  {rise@0.000ns fall@5.000ns period=10.000ns})
  Path Group:             (none)
  Path Type:              Setup (Max at Slow Process Corner)
  Data Path Delay:        6.118ns  (logic 1.678ns (27.425%)  route 4.440ns (72.575%))
  Logic Levels:           5  (IBUF=1 LUT2=1 LUT6=3)
  Clock Path Skew:        4.277ns (DCD - SCD + CPR)
    Destination Clock Delay (DCD):    4.277ns
    Source Clock Delay      (SCD):    0.000ns
    Clock Pessimism Removal (CPR):    0.000ns
  Clock Uncertainty:      0.025ns  ((TSJ^2 + TIJ^2)^1/2 + DJ) / 2 + PE
    Total System Jitter     (TSJ):    0.050ns
    Total Input Jitter      (TIJ):    0.000ns
    Discrete Jitter          (DJ):    0.000ns
    Phase Error              (PE):    0.000ns

    Location             Delay type                Incr(ns)  Path(ns)    Netlist Resource(s)
  -------------------------------------------------------------------    -------------------
    K18                                               0.000     0.000 f  scl_in (IN)
                         net (fo=0)                   0.000     0.000    scl_in
    K18                  IBUF (Prop_ibuf_I_O)         0.949     0.949 f  scl_in_IBUF_inst/O
                         net (fo=15, routed)          2.422     3.371    u_core/scl_in_IBUF
    SLICE_X1Y11          LUT6 (Prop_lut6_I0_O)        0.124     3.495 r  u_core/rx_shift[3]_i_5/O
                         net (fo=1, routed)           0.559     4.054    u_core/rx_shift[3]_i_5_n_0
    SLICE_X2Y10          LUT6 (Prop_lut6_I1_O)        0.124     4.178 r  u_core/rx_shift[3]_i_2/O
                         net (fo=5, routed)           0.999     5.177    u_core/rx_shift[3]_i_2_n_0
    SLICE_X5Y12          LUT2 (Prop_lut2_I0_O)        0.149     5.326 r  u_core/rx_shift[7]_i_4/O
                         net (fo=4, routed)           0.461     5.786    u_core/rx_shift[7]_i_4_n_0
    SLICE_X4Y12          LUT6 (Prop_lut6_I2_O)        0.332     6.118 r  u_core/rx_shift[5]_i_1/O
                         net (fo=1, routed)           0.000     6.118    u_core/rx_shift[5]_i_1_n_0
    SLICE_X4Y12          FDCE                                         r  u_core/rx_shift_reg[5]/D
  -------------------------------------------------------------------    -------------------

                         (clock sys_clk rise edge)    0.000     0.000 r  
    M18                                               0.000     0.000 r  clk (IN)
                         net (fo=0)                   0.000     0.000    clk
    M18                  IBUF (Prop_ibuf_I_O)         0.805     0.805 r  clk_IBUF_inst/O
                         net (fo=1, routed)           1.868     2.673    clk_IBUF
    BUFGCTRL_X0Y0        BUFG (Prop_bufg_I_O)         0.091     2.764 r  clk_IBUF_BUFG_inst/O
                         net (fo=66, routed)          1.513     4.277    u_core/clk_IBUF_BUFG
    SLICE_X4Y12          FDCE                                         r  u_core/rx_shift_reg[5]/C

Slack:                    inf
  Source:                 scl_in
                            (input port)
  Destination:            u_core/rx_shift_reg[6]/D
                            (rising edge-triggered cell FDCE clocked by sys_clk  {rise@0.000ns fall@5.000ns period=10.000ns})
  Path Group:             (none)
  Path Type:              Setup (Max at Slow Process Corner)
  Data Path Delay:        6.114ns  (logic 1.678ns (27.446%)  route 4.436ns (72.554%))
  Logic Levels:           5  (IBUF=1 LUT2=1 LUT6=3)
  Clock Path Skew:        4.277ns (DCD - SCD + CPR)
    Destination Clock Delay (DCD):    4.277ns
    Source Clock Delay      (SCD):    0.000ns
    Clock Pessimism Removal (CPR):    0.000ns
  Clock Uncertainty:      0.025ns  ((TSJ^2 + TIJ^2)^1/2 + DJ) / 2 + PE
    Total System Jitter     (TSJ):    0.050ns
    Total Input Jitter      (TIJ):    0.000ns
    Discrete Jitter          (DJ):    0.000ns
    Phase Error              (PE):    0.000ns

    Location             Delay type                Incr(ns)  Path(ns)    Netlist Resource(s)
  -------------------------------------------------------------------    -------------------
    K18                                               0.000     0.000 f  scl_in (IN)
                         net (fo=0)                   0.000     0.000    scl_in
    K18                  IBUF (Prop_ibuf_I_O)         0.949     0.949 f  scl_in_IBUF_inst/O
                         net (fo=15, routed)          2.422     3.371    u_core/scl_in_IBUF
    SLICE_X1Y11          LUT6 (Prop_lut6_I0_O)        0.124     3.495 r  u_core/rx_shift[3]_i_5/O
                         net (fo=1, routed)           0.559     4.054    u_core/rx_shift[3]_i_5_n_0
    SLICE_X2Y10          LUT6 (Prop_lut6_I1_O)        0.124     4.178 r  u_core/rx_shift[3]_i_2/O
                         net (fo=5, routed)           0.999     5.177    u_core/rx_shift[3]_i_2_n_0
    SLICE_X5Y12          LUT2 (Prop_lut2_I0_O)        0.149     5.326 r  u_core/rx_shift[7]_i_4/O
                         net (fo=4, routed)           0.456     5.782    u_core/rx_shift[7]_i_4_n_0
    SLICE_X4Y12          LUT6 (Prop_lut6_I2_O)        0.332     6.114 r  u_core/rx_shift[6]_i_1/O
                         net (fo=1, routed)           0.000     6.114    u_core/rx_shift[6]_i_1_n_0
    SLICE_X4Y12          FDCE                                         r  u_core/rx_shift_reg[6]/D
  -------------------------------------------------------------------    -------------------

                         (clock sys_clk rise edge)    0.000     0.000 r  
    M18                                               0.000     0.000 r  clk (IN)
                         net (fo=0)                   0.000     0.000    clk
    M18                  IBUF (Prop_ibuf_I_O)         0.805     0.805 r  clk_IBUF_inst/O
                         net (fo=1, routed)           1.868     2.673    clk_IBUF
    BUFGCTRL_X0Y0        BUFG (Prop_bufg_I_O)         0.091     2.764 r  clk_IBUF_BUFG_inst/O
                         net (fo=66, routed)          1.513     4.277    u_core/clk_IBUF_BUFG
    SLICE_X4Y12          FDCE                                         r  u_core/rx_shift_reg[6]/C

Slack:                    inf
  Source:                 scl_in
                            (input port)
  Destination:            u_core/tx_shift_reg[2]/CE
                            (rising edge-triggered cell FDCE clocked by sys_clk  {rise@0.000ns fall@5.000ns period=10.000ns})
  Path Group:             (none)
  Path Type:              Setup (Max at Slow Process Corner)
  Data Path Delay:        5.912ns  (logic 1.557ns (26.336%)  route 4.355ns (73.664%))
  Logic Levels:           4  (IBUF=1 LUT3=1 LUT5=1 LUT6=1)
  Clock Path Skew:        4.277ns (DCD - SCD + CPR)
    Destination Clock Delay (DCD):    4.277ns
    Source Clock Delay      (SCD):    0.000ns
    Clock Pessimism Removal (CPR):    0.000ns
  Clock Uncertainty:      0.025ns  ((TSJ^2 + TIJ^2)^1/2 + DJ) / 2 + PE
    Total System Jitter     (TSJ):    0.050ns
    Total Input Jitter      (TIJ):    0.000ns
    Discrete Jitter          (DJ):    0.000ns
    Phase Error              (PE):    0.000ns

    Location             Delay type                Incr(ns)  Path(ns)    Netlist Resource(s)
  -------------------------------------------------------------------    -------------------
    K18                                               0.000     0.000 r  scl_in (IN)
                         net (fo=0)                   0.000     0.000    scl_in
    K18                  IBUF (Prop_ibuf_I_O)         0.949     0.949 r  scl_in_IBUF_inst/O
                         net (fo=15, routed)          2.433     3.382    u_core/scl_in_IBUF
    SLICE_X0Y10          LUT3 (Prop_lut3_I0_O)        0.152     3.534 f  u_core/latched_wdata[7]_i_2/O
                         net (fo=1, routed)           0.503     4.037    u_core/latched_wdata[7]_i_2_n_0
    SLICE_X1Y10          LUT6 (Prop_lut6_I5_O)        0.332     4.369 r  u_core/latched_wdata[7]_i_1/O
                         net (fo=13, routed)          0.917     5.286    u_core/latched_rw
    SLICE_X2Y13          LUT5 (Prop_lut5_I0_O)        0.124     5.410 r  u_core/tx_shift[7]_i_1/O
                         net (fo=8, routed)           0.502     5.912    u_core/tx_shift_0
    SLICE_X1Y15          FDCE                                         r  u_core/tx_shift_reg[2]/CE
  -------------------------------------------------------------------    -------------------

                         (clock sys_clk rise edge)    0.000     0.000 r  
    M18                                               0.000     0.000 r  clk (IN)
                         net (fo=0)                   0.000     0.000    clk
    M18                  IBUF (Prop_ibuf_I_O)         0.805     0.805 r  clk_IBUF_inst/O
                         net (fo=1, routed)           1.868     2.673    clk_IBUF
    BUFGCTRL_X0Y0        BUFG (Prop_bufg_I_O)         0.091     2.764 r  clk_IBUF_BUFG_inst/O
                         net (fo=66, routed)          1.513     4.277    u_core/clk_IBUF_BUFG
    SLICE_X1Y15          FDCE                                         r  u_core/tx_shift_reg[2]/C

Slack:                    inf
  Source:                 scl_in
                            (input port)
  Destination:            u_core/tx_shift_reg[3]/CE
                            (rising edge-triggered cell FDCE clocked by sys_clk  {rise@0.000ns fall@5.000ns period=10.000ns})
  Path Group:             (none)
  Path Type:              Setup (Max at Slow Process Corner)
  Data Path Delay:        5.912ns  (logic 1.557ns (26.336%)  route 4.355ns (73.664%))
  Logic Levels:           4  (IBUF=1 LUT3=1 LUT5=1 LUT6=1)
  Clock Path Skew:        4.277ns (DCD - SCD + CPR)
    Destination Clock Delay (DCD):    4.277ns
    Source Clock Delay      (SCD):    0.000ns
    Clock Pessimism Removal (CPR):    0.000ns
  Clock Uncertainty:      0.025ns  ((TSJ^2 + TIJ^2)^1/2 + DJ) / 2 + PE
    Total System Jitter     (TSJ):    0.050ns
    Total Input Jitter      (TIJ):    0.000ns
    Discrete Jitter          (DJ):    0.000ns
    Phase Error              (PE):    0.000ns

    Location             Delay type                Incr(ns)  Path(ns)    Netlist Resource(s)
  -------------------------------------------------------------------    -------------------
    K18                                               0.000     0.000 r  scl_in (IN)
                         net (fo=0)                   0.000     0.000    scl_in
    K18                  IBUF (Prop_ibuf_I_O)         0.949     0.949 r  scl_in_IBUF_inst/O
                         net (fo=15, routed)          2.433     3.382    u_core/scl_in_IBUF
    SLICE_X0Y10          LUT3 (Prop_lut3_I0_O)        0.152     3.534 f  u_core/latched_wdata[7]_i_2/O
                         net (fo=1, routed)           0.503     4.037    u_core/latched_wdata[7]_i_2_n_0
    SLICE_X1Y10          LUT6 (Prop_lut6_I5_O)        0.332     4.369 r  u_core/latched_wdata[7]_i_1/O
                         net (fo=13, routed)          0.917     5.286    u_core/latched_rw
    SLICE_X2Y13          LUT5 (Prop_lut5_I0_O)        0.124     5.410 r  u_core/tx_shift[7]_i_1/O
                         net (fo=8, routed)           0.502     5.912    u_core/tx_shift_0
    SLICE_X1Y15          FDCE                                         r  u_core/tx_shift_reg[3]/CE
  -------------------------------------------------------------------    -------------------

                         (clock sys_clk rise edge)    0.000     0.000 r  
    M18                                               0.000     0.000 r  clk (IN)
                         net (fo=0)                   0.000     0.000    clk
    M18                  IBUF (Prop_ibuf_I_O)         0.805     0.805 r  clk_IBUF_inst/O
                         net (fo=1, routed)           1.868     2.673    clk_IBUF
    BUFGCTRL_X0Y0        BUFG (Prop_bufg_I_O)         0.091     2.764 r  clk_IBUF_BUFG_inst/O
                         net (fo=66, routed)          1.513     4.277    u_core/clk_IBUF_BUFG
    SLICE_X1Y15          FDCE                                         r  u_core/tx_shift_reg[3]/C

Slack:                    inf
  Source:                 scl_in
                            (input port)
  Destination:            u_core/tx_shift_reg[4]/CE
                            (rising edge-triggered cell FDCE clocked by sys_clk  {rise@0.000ns fall@5.000ns period=10.000ns})
  Path Group:             (none)
  Path Type:              Setup (Max at Slow Process Corner)
  Data Path Delay:        5.912ns  (logic 1.557ns (26.336%)  route 4.355ns (73.664%))
  Logic Levels:           4  (IBUF=1 LUT3=1 LUT5=1 LUT6=1)
  Clock Path Skew:        4.277ns (DCD - SCD + CPR)
    Destination Clock Delay (DCD):    4.277ns
    Source Clock Delay      (SCD):    0.000ns
    Clock Pessimism Removal (CPR):    0.000ns
  Clock Uncertainty:      0.025ns  ((TSJ^2 + TIJ^2)^1/2 + DJ) / 2 + PE
    Total System Jitter     (TSJ):    0.050ns
    Total Input Jitter      (TIJ):    0.000ns
    Discrete Jitter          (DJ):    0.000ns
    Phase Error              (PE):    0.000ns

    Location             Delay type                Incr(ns)  Path(ns)    Netlist Resource(s)
  -------------------------------------------------------------------    -------------------
    K18                                               0.000     0.000 r  scl_in (IN)
                         net (fo=0)                   0.000     0.000    scl_in
    K18                  IBUF (Prop_ibuf_I_O)         0.949     0.949 r  scl_in_IBUF_inst/O
                         net (fo=15, routed)          2.433     3.382    u_core/scl_in_IBUF
    SLICE_X0Y10          LUT3 (Prop_lut3_I0_O)        0.152     3.534 f  u_core/latched_wdata[7]_i_2/O
                         net (fo=1, routed)           0.503     4.037    u_core/latched_wdata[7]_i_2_n_0
    SLICE_X1Y10          LUT6 (Prop_lut6_I5_O)        0.332     4.369 r  u_core/latched_wdata[7]_i_1/O
                         net (fo=13, routed)          0.917     5.286    u_core/latched_rw
    SLICE_X2Y13          LUT5 (Prop_lut5_I0_O)        0.124     5.410 r  u_core/tx_shift[7]_i_1/O
                         net (fo=8, routed)           0.502     5.912    u_core/tx_shift_0
    SLICE_X1Y15          FDCE                                         r  u_core/tx_shift_reg[4]/CE
  -------------------------------------------------------------------    -------------------

                         (clock sys_clk rise edge)    0.000     0.000 r  
    M18                                               0.000     0.000 r  clk (IN)
                         net (fo=0)                   0.000     0.000    clk
    M18                  IBUF (Prop_ibuf_I_O)         0.805     0.805 r  clk_IBUF_inst/O
                         net (fo=1, routed)           1.868     2.673    clk_IBUF
    BUFGCTRL_X0Y0        BUFG (Prop_bufg_I_O)         0.091     2.764 r  clk_IBUF_BUFG_inst/O
                         net (fo=66, routed)          1.513     4.277    u_core/clk_IBUF_BUFG
    SLICE_X1Y15          FDCE                                         r  u_core/tx_shift_reg[4]/C

Slack:                    inf
  Source:                 scl_in
                            (input port)
  Destination:            u_core/tx_shift_reg[5]/CE
                            (rising edge-triggered cell FDCE clocked by sys_clk  {rise@0.000ns fall@5.000ns period=10.000ns})
  Path Group:             (none)
  Path Type:              Setup (Max at Slow Process Corner)
  Data Path Delay:        5.912ns  (logic 1.557ns (26.336%)  route 4.355ns (73.664%))
  Logic Levels:           4  (IBUF=1 LUT3=1 LUT5=1 LUT6=1)
  Clock Path Skew:        4.277ns (DCD - SCD + CPR)
    Destination Clock Delay (DCD):    4.277ns
    Source Clock Delay      (SCD):    0.000ns
    Clock Pessimism Removal (CPR):    0.000ns
  Clock Uncertainty:      0.025ns  ((TSJ^2 + TIJ^2)^1/2 + DJ) / 2 + PE
    Total System Jitter     (TSJ):    0.050ns
    Total Input Jitter      (TIJ):    0.000ns
    Discrete Jitter          (DJ):    0.000ns
    Phase Error              (PE):    0.000ns

    Location             Delay type                Incr(ns)  Path(ns)    Netlist Resource(s)
  -------------------------------------------------------------------    -------------------
    K18                                               0.000     0.000 r  scl_in (IN)
                         net (fo=0)                   0.000     0.000    scl_in
    K18                  IBUF (Prop_ibuf_I_O)         0.949     0.949 r  scl_in_IBUF_inst/O
                         net (fo=15, routed)          2.433     3.382    u_core/scl_in_IBUF
    SLICE_X0Y10          LUT3 (Prop_lut3_I0_O)        0.152     3.534 f  u_core/latched_wdata[7]_i_2/O
                         net (fo=1, routed)           0.503     4.037    u_core/latched_wdata[7]_i_2_n_0
    SLICE_X1Y10          LUT6 (Prop_lut6_I5_O)        0.332     4.369 r  u_core/latched_wdata[7]_i_1/O
                         net (fo=13, routed)          0.917     5.286    u_core/latched_rw
    SLICE_X2Y13          LUT5 (Prop_lut5_I0_O)        0.124     5.410 r  u_core/tx_shift[7]_i_1/O
                         net (fo=8, routed)           0.502     5.912    u_core/tx_shift_0
    SLICE_X1Y15          FDCE                                         r  u_core/tx_shift_reg[5]/CE
  -------------------------------------------------------------------    -------------------

                         (clock sys_clk rise edge)    0.000     0.000 r  
    M18                                               0.000     0.000 r  clk (IN)
                         net (fo=0)                   0.000     0.000    clk
    M18                  IBUF (Prop_ibuf_I_O)         0.805     0.805 r  clk_IBUF_inst/O
                         net (fo=1, routed)           1.868     2.673    clk_IBUF
    BUFGCTRL_X0Y0        BUFG (Prop_bufg_I_O)         0.091     2.764 r  clk_IBUF_BUFG_inst/O
                         net (fo=66, routed)          1.513     4.277    u_core/clk_IBUF_BUFG
    SLICE_X1Y15          FDCE                                         r  u_core/tx_shift_reg[5]/C

Slack:                    inf
  Source:                 scl_in
                            (input port)
  Destination:            u_core/tx_shift_reg[6]/CE
                            (rising edge-triggered cell FDCE clocked by sys_clk  {rise@0.000ns fall@5.000ns period=10.000ns})
  Path Group:             (none)
  Path Type:              Setup (Max at Slow Process Corner)
  Data Path Delay:        5.887ns  (logic 1.557ns (26.449%)  route 4.330ns (73.551%))
  Logic Levels:           4  (IBUF=1 LUT3=1 LUT5=1 LUT6=1)
  Clock Path Skew:        4.278ns (DCD - SCD + CPR)
    Destination Clock Delay (DCD):    4.278ns
    Source Clock Delay      (SCD):    0.000ns
    Clock Pessimism Removal (CPR):    0.000ns
  Clock Uncertainty:      0.025ns  ((TSJ^2 + TIJ^2)^1/2 + DJ) / 2 + PE
    Total System Jitter     (TSJ):    0.050ns
    Total Input Jitter      (TIJ):    0.000ns
    Discrete Jitter          (DJ):    0.000ns
    Phase Error              (PE):    0.000ns

    Location             Delay type                Incr(ns)  Path(ns)    Netlist Resource(s)
  -------------------------------------------------------------------    -------------------
    K18                                               0.000     0.000 r  scl_in (IN)
                         net (fo=0)                   0.000     0.000    scl_in
    K18                  IBUF (Prop_ibuf_I_O)         0.949     0.949 r  scl_in_IBUF_inst/O
                         net (fo=15, routed)          2.433     3.382    u_core/scl_in_IBUF
    SLICE_X0Y10          LUT3 (Prop_lut3_I0_O)        0.152     3.534 f  u_core/latched_wdata[7]_i_2/O
                         net (fo=1, routed)           0.503     4.037    u_core/latched_wdata[7]_i_2_n_0
    SLICE_X1Y10          LUT6 (Prop_lut6_I5_O)        0.332     4.369 r  u_core/latched_wdata[7]_i_1/O
                         net (fo=13, routed)          0.917     5.286    u_core/latched_rw
    SLICE_X2Y13          LUT5 (Prop_lut5_I0_O)        0.124     5.410 r  u_core/tx_shift[7]_i_1/O
                         net (fo=8, routed)           0.477     5.887    u_core/tx_shift_0
    SLICE_X1Y14          FDCE                                         r  u_core/tx_shift_reg[6]/CE
  -------------------------------------------------------------------    -------------------

                         (clock sys_clk rise edge)    0.000     0.000 r  
    M18                                               0.000     0.000 r  clk (IN)
                         net (fo=0)                   0.000     0.000    clk
    M18                  IBUF (Prop_ibuf_I_O)         0.805     0.805 r  clk_IBUF_inst/O
                         net (fo=1, routed)           1.868     2.673    clk_IBUF
    BUFGCTRL_X0Y0        BUFG (Prop_bufg_I_O)         0.091     2.764 r  clk_IBUF_BUFG_inst/O
                         net (fo=66, routed)          1.514     4.278    u_core/clk_IBUF_BUFG
    SLICE_X1Y14          FDCE                                         r  u_core/tx_shift_reg[6]/C

Slack:                    inf
  Source:                 scl_in
                            (input port)
  Destination:            u_core/tx_shift_reg[7]/CE
                            (rising edge-triggered cell FDCE clocked by sys_clk  {rise@0.000ns fall@5.000ns period=10.000ns})
  Path Group:             (none)
  Path Type:              Setup (Max at Slow Process Corner)
  Data Path Delay:        5.887ns  (logic 1.557ns (26.449%)  route 4.330ns (73.551%))
  Logic Levels:           4  (IBUF=1 LUT3=1 LUT5=1 LUT6=1)
  Clock Path Skew:        4.278ns (DCD - SCD + CPR)
    Destination Clock Delay (DCD):    4.278ns
    Source Clock Delay      (SCD):    0.000ns
    Clock Pessimism Removal (CPR):    0.000ns
  Clock Uncertainty:      0.025ns  ((TSJ^2 + TIJ^2)^1/2 + DJ) / 2 + PE
    Total System Jitter     (TSJ):    0.050ns
    Total Input Jitter      (TIJ):    0.000ns
    Discrete Jitter          (DJ):    0.000ns
    Phase Error              (PE):    0.000ns

    Location             Delay type                Incr(ns)  Path(ns)    Netlist Resource(s)
  -------------------------------------------------------------------    -------------------
    K18                                               0.000     0.000 r  scl_in (IN)
                         net (fo=0)                   0.000     0.000    scl_in
    K18                  IBUF (Prop_ibuf_I_O)         0.949     0.949 r  scl_in_IBUF_inst/O
                         net (fo=15, routed)          2.433     3.382    u_core/scl_in_IBUF
    SLICE_X0Y10          LUT3 (Prop_lut3_I0_O)        0.152     3.534 f  u_core/latched_wdata[7]_i_2/O
                         net (fo=1, routed)           0.503     4.037    u_core/latched_wdata[7]_i_2_n_0
    SLICE_X1Y10          LUT6 (Prop_lut6_I5_O)        0.332     4.369 r  u_core/latched_wdata[7]_i_1/O
                         net (fo=13, routed)          0.917     5.286    u_core/latched_rw
    SLICE_X2Y13          LUT5 (Prop_lut5_I0_O)        0.124     5.410 r  u_core/tx_shift[7]_i_1/O
                         net (fo=8, routed)           0.477     5.887    u_core/tx_shift_0
    SLICE_X1Y14          FDCE                                         r  u_core/tx_shift_reg[7]/CE
  -------------------------------------------------------------------    -------------------

                         (clock sys_clk rise edge)    0.000     0.000 r  
    M18                                               0.000     0.000 r  clk (IN)
                         net (fo=0)                   0.000     0.000    clk
    M18                  IBUF (Prop_ibuf_I_O)         0.805     0.805 r  clk_IBUF_inst/O
                         net (fo=1, routed)           1.868     2.673    clk_IBUF
    BUFGCTRL_X0Y0        BUFG (Prop_bufg_I_O)         0.091     2.764 r  clk_IBUF_BUFG_inst/O
                         net (fo=66, routed)          1.514     4.278    u_core/clk_IBUF_BUFG
    SLICE_X1Y14          FDCE                                         r  u_core/tx_shift_reg[7]/C

Slack:                    inf
  Source:                 scl_in
                            (input port)
  Destination:            u_core/bit_index_reg[1]/CE
                            (rising edge-triggered cell FDCE clocked by sys_clk  {rise@0.000ns fall@5.000ns period=10.000ns})
  Path Group:             (none)
  Path Type:              Setup (Max at Slow Process Corner)
  Data Path Delay:        5.864ns  (logic 1.557ns (26.551%)  route 4.307ns (73.449%))
  Logic Levels:           4  (IBUF=1 LUT3=1 LUT6=2)
  Clock Path Skew:        4.276ns (DCD - SCD + CPR)
    Destination Clock Delay (DCD):    4.276ns
    Source Clock Delay      (SCD):    0.000ns
    Clock Pessimism Removal (CPR):    0.000ns
  Clock Uncertainty:      0.025ns  ((TSJ^2 + TIJ^2)^1/2 + DJ) / 2 + PE
    Total System Jitter     (TSJ):    0.050ns
    Total Input Jitter      (TIJ):    0.000ns
    Discrete Jitter          (DJ):    0.000ns
    Phase Error              (PE):    0.000ns

    Location             Delay type                Incr(ns)  Path(ns)    Netlist Resource(s)
  -------------------------------------------------------------------    -------------------
    K18                                               0.000     0.000 r  scl_in (IN)
                         net (fo=0)                   0.000     0.000    scl_in
    K18                  IBUF (Prop_ibuf_I_O)         0.949     0.949 r  scl_in_IBUF_inst/O
                         net (fo=15, routed)          2.433     3.382    u_core/scl_in_IBUF
    SLICE_X0Y10          LUT3 (Prop_lut3_I0_O)        0.152     3.534 f  u_core/latched_wdata[7]_i_2/O
                         net (fo=1, routed)           0.503     4.037    u_core/latched_wdata[7]_i_2_n_0
    SLICE_X1Y10          LUT6 (Prop_lut6_I5_O)        0.332     4.369 r  u_core/latched_wdata[7]_i_1/O
                         net (fo=13, routed)          0.887     5.256    u_core/latched_rw
    SLICE_X3Y13          LUT6 (Prop_lut6_I0_O)        0.124     5.380 r  u_core/bit_index[3]_i_1/O
                         net (fo=4, routed)           0.484     5.864    u_core/bit_index
    SLICE_X4Y13          FDCE                                         r  u_core/bit_index_reg[1]/CE
  -------------------------------------------------------------------    -------------------

                         (clock sys_clk rise edge)    0.000     0.000 r  
    M18                                               0.000     0.000 r  clk (IN)
                         net (fo=0)                   0.000     0.000    clk
    M18                  IBUF (Prop_ibuf_I_O)         0.805     0.805 r  clk_IBUF_inst/O
                         net (fo=1, routed)           1.868     2.673    clk_IBUF
    BUFGCTRL_X0Y0        BUFG (Prop_bufg_I_O)         0.091     2.764 r  clk_IBUF_BUFG_inst/O
                         net (fo=66, routed)          1.512     4.276    u_core/clk_IBUF_BUFG
    SLICE_X4Y13          FDCE                                         r  u_core/bit_index_reg[1]/C

Slack:                    inf
  Source:                 scl_in
                            (input port)
  Destination:            u_core/bit_index_reg[2]/CE
                            (rising edge-triggered cell FDCE clocked by sys_clk  {rise@0.000ns fall@5.000ns period=10.000ns})
  Path Group:             (none)
  Path Type:              Setup (Max at Slow Process Corner)
  Data Path Delay:        5.864ns  (logic 1.557ns (26.551%)  route 4.307ns (73.449%))
  Logic Levels:           4  (IBUF=1 LUT3=1 LUT6=2)
  Clock Path Skew:        4.276ns (DCD - SCD + CPR)
    Destination Clock Delay (DCD):    4.276ns
    Source Clock Delay      (SCD):    0.000ns
    Clock Pessimism Removal (CPR):    0.000ns
  Clock Uncertainty:      0.025ns  ((TSJ^2 + TIJ^2)^1/2 + DJ) / 2 + PE
    Total System Jitter     (TSJ):    0.050ns
    Total Input Jitter      (TIJ):    0.000ns
    Discrete Jitter          (DJ):    0.000ns
    Phase Error              (PE):    0.000ns

    Location             Delay type                Incr(ns)  Path(ns)    Netlist Resource(s)
  -------------------------------------------------------------------    -------------------
    K18                                               0.000     0.000 r  scl_in (IN)
                         net (fo=0)                   0.000     0.000    scl_in
    K18                  IBUF (Prop_ibuf_I_O)         0.949     0.949 r  scl_in_IBUF_inst/O
                         net (fo=15, routed)          2.433     3.382    u_core/scl_in_IBUF
    SLICE_X0Y10          LUT3 (Prop_lut3_I0_O)        0.152     3.534 f  u_core/latched_wdata[7]_i_2/O
                         net (fo=1, routed)           0.503     4.037    u_core/latched_wdata[7]_i_2_n_0
    SLICE_X1Y10          LUT6 (Prop_lut6_I5_O)        0.332     4.369 r  u_core/latched_wdata[7]_i_1/O
                         net (fo=13, routed)          0.887     5.256    u_core/latched_rw
    SLICE_X3Y13          LUT6 (Prop_lut6_I0_O)        0.124     5.380 r  u_core/bit_index[3]_i_1/O
                         net (fo=4, routed)           0.484     5.864    u_core/bit_index
    SLICE_X4Y13          FDCE                                         r  u_core/bit_index_reg[2]/CE
  -------------------------------------------------------------------    -------------------

                         (clock sys_clk rise edge)    0.000     0.000 r  
    M18                                               0.000     0.000 r  clk (IN)
                         net (fo=0)                   0.000     0.000    clk
    M18                  IBUF (Prop_ibuf_I_O)         0.805     0.805 r  clk_IBUF_inst/O
                         net (fo=1, routed)           1.868     2.673    clk_IBUF
    BUFGCTRL_X0Y0        BUFG (Prop_bufg_I_O)         0.091     2.764 r  clk_IBUF_BUFG_inst/O
                         net (fo=66, routed)          1.512     4.276    u_core/clk_IBUF_BUFG
    SLICE_X4Y13          FDCE                                         r  u_core/bit_index_reg[2]/C

Slack:                    inf
  Source:                 scl_in
                            (input port)
  Destination:            u_core/bit_index_reg[3]/CE
                            (rising edge-triggered cell FDCE clocked by sys_clk  {rise@0.000ns fall@5.000ns period=10.000ns})
  Path Group:             (none)
  Path Type:              Setup (Max at Slow Process Corner)
  Data Path Delay:        5.864ns  (logic 1.557ns (26.551%)  route 4.307ns (73.449%))
  Logic Levels:           4  (IBUF=1 LUT3=1 LUT6=2)
  Clock Path Skew:        4.276ns (DCD - SCD + CPR)
    Destination Clock Delay (DCD):    4.276ns
    Source Clock Delay      (SCD):    0.000ns
    Clock Pessimism Removal (CPR):    0.000ns
  Clock Uncertainty:      0.025ns  ((TSJ^2 + TIJ^2)^1/2 + DJ) / 2 + PE
    Total System Jitter     (TSJ):    0.050ns
    Total Input Jitter      (TIJ):    0.000ns
    Discrete Jitter          (DJ):    0.000ns
    Phase Error              (PE):    0.000ns

    Location             Delay type                Incr(ns)  Path(ns)    Netlist Resource(s)
  -------------------------------------------------------------------    -------------------
    K18                                               0.000     0.000 r  scl_in (IN)
                         net (fo=0)                   0.000     0.000    scl_in
    K18                  IBUF (Prop_ibuf_I_O)         0.949     0.949 r  scl_in_IBUF_inst/O
                         net (fo=15, routed)          2.433     3.382    u_core/scl_in_IBUF
    SLICE_X0Y10          LUT3 (Prop_lut3_I0_O)        0.152     3.534 f  u_core/latched_wdata[7]_i_2/O
                         net (fo=1, routed)           0.503     4.037    u_core/latched_wdata[7]_i_2_n_0
    SLICE_X1Y10          LUT6 (Prop_lut6_I5_O)        0.332     4.369 r  u_core/latched_wdata[7]_i_1/O
                         net (fo=13, routed)          0.887     5.256    u_core/latched_rw
    SLICE_X3Y13          LUT6 (Prop_lut6_I0_O)        0.124     5.380 r  u_core/bit_index[3]_i_1/O
                         net (fo=4, routed)           0.484     5.864    u_core/bit_index
    SLICE_X4Y13          FDCE                                         r  u_core/bit_index_reg[3]/CE
  -------------------------------------------------------------------    -------------------

                         (clock sys_clk rise edge)    0.000     0.000 r  
    M18                                               0.000     0.000 r  clk (IN)
                         net (fo=0)                   0.000     0.000    clk
    M18                  IBUF (Prop_ibuf_I_O)         0.805     0.805 r  clk_IBUF_inst/O
                         net (fo=1, routed)           1.868     2.673    clk_IBUF
    BUFGCTRL_X0Y0        BUFG (Prop_bufg_I_O)         0.091     2.764 r  clk_IBUF_BUFG_inst/O
                         net (fo=66, routed)          1.512     4.276    u_core/clk_IBUF_BUFG
    SLICE_X4Y13          FDCE                                         r  u_core/bit_index_reg[3]/C

Slack:                    inf
  Source:                 scl_in
                            (input port)
  Destination:            u_core/rx_shift_reg[7]/D
                            (rising edge-triggered cell FDCE clocked by sys_clk  {rise@0.000ns fall@5.000ns period=10.000ns})
  Path Group:             (none)
  Path Type:              Setup (Max at Slow Process Corner)
  Data Path Delay:        5.840ns  (logic 1.678ns (28.734%)  route 4.162ns (71.266%))
  Logic Levels:           5  (IBUF=1 LUT2=1 LUT6=3)
  Clock Path Skew:        4.277ns (DCD - SCD + CPR)
    Destination Clock Delay (DCD):    4.277ns
    Source Clock Delay      (SCD):    0.000ns
    Clock Pessimism Removal (CPR):    0.000ns
  Clock Uncertainty:      0.025ns  ((TSJ^2 + TIJ^2)^1/2 + DJ) / 2 + PE
    Total System Jitter     (TSJ):    0.050ns
    Total Input Jitter      (TIJ):    0.000ns
    Discrete Jitter          (DJ):    0.000ns
    Phase Error              (PE):    0.000ns

    Location             Delay type                Incr(ns)  Path(ns)    Netlist Resource(s)
  -------------------------------------------------------------------    -------------------
    K18                                               0.000     0.000 f  scl_in (IN)
                         net (fo=0)                   0.000     0.000    scl_in
    K18                  IBUF (Prop_ibuf_I_O)         0.949     0.949 f  scl_in_IBUF_inst/O
                         net (fo=15, routed)          2.422     3.371    u_core/scl_in_IBUF
    SLICE_X1Y11          LUT6 (Prop_lut6_I0_O)        0.124     3.495 r  u_core/rx_shift[3]_i_5/O
                         net (fo=1, routed)           0.559     4.054    u_core/rx_shift[3]_i_5_n_0
    SLICE_X2Y10          LUT6 (Prop_lut6_I1_O)        0.124     4.178 r  u_core/rx_shift[3]_i_2/O
                         net (fo=5, routed)           0.999     5.177    u_core/rx_shift[3]_i_2_n_0
    SLICE_X5Y12          LUT2 (Prop_lut2_I0_O)        0.149     5.326 r  u_core/rx_shift[7]_i_4/O
                         net (fo=4, routed)           0.182     5.508    u_core/rx_shift[7]_i_4_n_0
    SLICE_X5Y12          LUT6 (Prop_lut6_I2_O)        0.332     5.840 r  u_core/rx_shift[7]_i_1/O
                         net (fo=1, routed)           0.000     5.840    u_core/rx_shift[7]_i_1_n_0
    SLICE_X5Y12          FDCE                                         r  u_core/rx_shift_reg[7]/D
  -------------------------------------------------------------------    -------------------

                         (clock sys_clk rise edge)    0.000     0.000 r  
    M18                                               0.000     0.000 r  clk (IN)
                         net (fo=0)                   0.000     0.000    clk
    M18                  IBUF (Prop_ibuf_I_O)         0.805     0.805 r  clk_IBUF_inst/O
                         net (fo=1, routed)           1.868     2.673    clk_IBUF
    BUFGCTRL_X0Y0        BUFG (Prop_bufg_I_O)         0.091     2.764 r  clk_IBUF_BUFG_inst/O
                         net (fo=66, routed)          1.513     4.277    u_core/clk_IBUF_BUFG
    SLICE_X5Y12          FDCE                                         r  u_core/rx_shift_reg[7]/C

Slack:                    inf
  Source:                 scl_in
                            (input port)
  Destination:            u_core/tx_shift_reg[0]/CE
                            (rising edge-triggered cell FDCE clocked by sys_clk  {rise@0.000ns fall@5.000ns period=10.000ns})
  Path Group:             (none)
  Path Type:              Setup (Max at Slow Process Corner)
  Data Path Delay:        5.763ns  (logic 1.557ns (27.017%)  route 4.206ns (72.983%))
  Logic Levels:           4  (IBUF=1 LUT3=1 LUT5=1 LUT6=1)
  Clock Path Skew:        4.278ns (DCD - SCD + CPR)
    Destination Clock Delay (DCD):    4.278ns
    Source Clock Delay      (SCD):    0.000ns
    Clock Pessimism Removal (CPR):    0.000ns
  Clock Uncertainty:      0.025ns  ((TSJ^2 + TIJ^2)^1/2 + DJ) / 2 + PE
    Total System Jitter     (TSJ):    0.050ns
    Total Input Jitter      (TIJ):    0.000ns
    Discrete Jitter          (DJ):    0.000ns
    Phase Error              (PE):    0.000ns

    Location             Delay type                Incr(ns)  Path(ns)    Netlist Resource(s)
  -------------------------------------------------------------------    -------------------
    K18                                               0.000     0.000 r  scl_in (IN)
                         net (fo=0)                   0.000     0.000    scl_in
    K18                  IBUF (Prop_ibuf_I_O)         0.949     0.949 r  scl_in_IBUF_inst/O
                         net (fo=15, routed)          2.433     3.382    u_core/scl_in_IBUF
    SLICE_X0Y10          LUT3 (Prop_lut3_I0_O)        0.152     3.534 f  u_core/latched_wdata[7]_i_2/O
                         net (fo=1, routed)           0.503     4.037    u_core/latched_wdata[7]_i_2_n_0
    SLICE_X1Y10          LUT6 (Prop_lut6_I5_O)        0.332     4.369 r  u_core/latched_wdata[7]_i_1/O
                         net (fo=13, routed)          0.917     5.286    u_core/latched_rw
    SLICE_X2Y13          LUT5 (Prop_lut5_I0_O)        0.124     5.410 r  u_core/tx_shift[7]_i_1/O
                         net (fo=8, routed)           0.353     5.763    u_core/tx_shift_0
    SLICE_X2Y14          FDCE                                         r  u_core/tx_shift_reg[0]/CE
  -------------------------------------------------------------------    -------------------

                         (clock sys_clk rise edge)    0.000     0.000 r  
    M18                                               0.000     0.000 r  clk (IN)
                         net (fo=0)                   0.000     0.000    clk
    M18                  IBUF (Prop_ibuf_I_O)         0.805     0.805 r  clk_IBUF_inst/O
                         net (fo=1, routed)           1.868     2.673    clk_IBUF
    BUFGCTRL_X0Y0        BUFG (Prop_bufg_I_O)         0.091     2.764 r  clk_IBUF_BUFG_inst/O
                         net (fo=66, routed)          1.514     4.278    u_core/clk_IBUF_BUFG
    SLICE_X2Y14          FDCE                                         r  u_core/tx_shift_reg[0]/C

Slack:                    inf
  Source:                 scl_in
                            (input port)
  Destination:            u_core/tx_shift_reg[1]/CE
                            (rising edge-triggered cell FDCE clocked by sys_clk  {rise@0.000ns fall@5.000ns period=10.000ns})
  Path Group:             (none)
  Path Type:              Setup (Max at Slow Process Corner)
  Data Path Delay:        5.763ns  (logic 1.557ns (27.017%)  route 4.206ns (72.983%))
  Logic Levels:           4  (IBUF=1 LUT3=1 LUT5=1 LUT6=1)
  Clock Path Skew:        4.278ns (DCD - SCD + CPR)
    Destination Clock Delay (DCD):    4.278ns
    Source Clock Delay      (SCD):    0.000ns
    Clock Pessimism Removal (CPR):    0.000ns
  Clock Uncertainty:      0.025ns  ((TSJ^2 + TIJ^2)^1/2 + DJ) / 2 + PE
    Total System Jitter     (TSJ):    0.050ns
    Total Input Jitter      (TIJ):    0.000ns
    Discrete Jitter          (DJ):    0.000ns
    Phase Error              (PE):    0.000ns

    Location             Delay type                Incr(ns)  Path(ns)    Netlist Resource(s)
  -------------------------------------------------------------------    -------------------
    K18                                               0.000     0.000 r  scl_in (IN)
                         net (fo=0)                   0.000     0.000    scl_in
    K18                  IBUF (Prop_ibuf_I_O)         0.949     0.949 r  scl_in_IBUF_inst/O
                         net (fo=15, routed)          2.433     3.382    u_core/scl_in_IBUF
    SLICE_X0Y10          LUT3 (Prop_lut3_I0_O)        0.152     3.534 f  u_core/latched_wdata[7]_i_2/O
                         net (fo=1, routed)           0.503     4.037    u_core/latched_wdata[7]_i_2_n_0
    SLICE_X1Y10          LUT6 (Prop_lut6_I5_O)        0.332     4.369 r  u_core/latched_wdata[7]_i_1/O
                         net (fo=13, routed)          0.917     5.286    u_core/latched_rw
    SLICE_X2Y13          LUT5 (Prop_lut5_I0_O)        0.124     5.410 r  u_core/tx_shift[7]_i_1/O
                         net (fo=8, routed)           0.353     5.763    u_core/tx_shift_0
    SLICE_X2Y14          FDCE                                         r  u_core/tx_shift_reg[1]/CE
  -------------------------------------------------------------------    -------------------

                         (clock sys_clk rise edge)    0.000     0.000 r  
    M18                                               0.000     0.000 r  clk (IN)
                         net (fo=0)                   0.000     0.000    clk
    M18                  IBUF (Prop_ibuf_I_O)         0.805     0.805 r  clk_IBUF_inst/O
                         net (fo=1, routed)           1.868     2.673    clk_IBUF
    BUFGCTRL_X0Y0        BUFG (Prop_bufg_I_O)         0.091     2.764 r  clk_IBUF_BUFG_inst/O
                         net (fo=66, routed)          1.514     4.278    u_core/clk_IBUF_BUFG
    SLICE_X2Y14          FDCE                                         r  u_core/tx_shift_reg[1]/C

Slack:                    inf
  Source:                 scl_in
                            (input port)
  Destination:            u_core/bit_index_reg[0]/CE
                            (rising edge-triggered cell FDCE clocked by sys_clk  {rise@0.000ns fall@5.000ns period=10.000ns})
  Path Group:             (none)
  Path Type:              Setup (Max at Slow Process Corner)
  Data Path Delay:        5.724ns  (logic 1.557ns (27.201%)  route 4.167ns (72.799%))
  Logic Levels:           4  (IBUF=1 LUT3=1 LUT6=2)
  Clock Path Skew:        4.278ns (DCD - SCD + CPR)
    Destination Clock Delay (DCD):    4.278ns
    Source Clock Delay      (SCD):    0.000ns
    Clock Pessimism Removal (CPR):    0.000ns
  Clock Uncertainty:      0.025ns  ((TSJ^2 + TIJ^2)^1/2 + DJ) / 2 + PE
    Total System Jitter     (TSJ):    0.050ns
    Total Input Jitter      (TIJ):    0.000ns
    Discrete Jitter          (DJ):    0.000ns
    Phase Error              (PE):    0.000ns

    Location             Delay type                Incr(ns)  Path(ns)    Netlist Resource(s)
  -------------------------------------------------------------------    -------------------
    K18                                               0.000     0.000 r  scl_in (IN)
                         net (fo=0)                   0.000     0.000    scl_in
    K18                  IBUF (Prop_ibuf_I_O)         0.949     0.949 r  scl_in_IBUF_inst/O
                         net (fo=15, routed)          2.433     3.382    u_core/scl_in_IBUF
    SLICE_X0Y10          LUT3 (Prop_lut3_I0_O)        0.152     3.534 f  u_core/latched_wdata[7]_i_2/O
                         net (fo=1, routed)           0.503     4.037    u_core/latched_wdata[7]_i_2_n_0
    SLICE_X1Y10          LUT6 (Prop_lut6_I5_O)        0.332     4.369 r  u_core/latched_wdata[7]_i_1/O
                         net (fo=13, routed)          0.887     5.256    u_core/latched_rw
    SLICE_X3Y13          LUT6 (Prop_lut6_I0_O)        0.124     5.380 r  u_core/bit_index[3]_i_1/O
                         net (fo=4, routed)           0.344     5.724    u_core/bit_index
    SLICE_X3Y14          FDCE                                         r  u_core/bit_index_reg[0]/CE
  -------------------------------------------------------------------    -------------------

                         (clock sys_clk rise edge)    0.000     0.000 r  
    M18                                               0.000     0.000 r  clk (IN)
                         net (fo=0)                   0.000     0.000    clk
    M18                  IBUF (Prop_ibuf_I_O)         0.805     0.805 r  clk_IBUF_inst/O
                         net (fo=1, routed)           1.868     2.673    clk_IBUF
    BUFGCTRL_X0Y0        BUFG (Prop_bufg_I_O)         0.091     2.764 r  clk_IBUF_BUFG_inst/O
                         net (fo=66, routed)          1.514     4.278    u_core/clk_IBUF_BUFG
    SLICE_X3Y14          FDCE                                         r  u_core/bit_index_reg[0]/C





